jdx,year,grades,enrollment
Baltimore City,2006,K-5,37637
Allegany County,2006,K-5,3885
Anne Arundel County,2006,K-5,31460
Baltimore County,2006,K-5,43896
Calvert County,2006,K-5,7058
Caroline County,2006,K-5,2279
Carroll County,2006,K-5,11762
Cecil County,2006,K-5,6898
Charles County,2006,K-5,10411
Dorchester County,2006,K-5,1868
Frederick County,2006,K-5,17288
Garrett County,2006,K-5,1876
Harford County,2006,K-5,17077
Howard County,2006,K-5,20343
Kent County,2006,K-5,933
Montgomery County,2006,K-5,58318
Prince George's County,2006,K-5,52929
Queen Anne's County,2006,K-5,3149
St. Mary's County,2006,K-5,6927
Somerset County,2006,K-5,1245
Talbot County,2006,K-5,1729
Washington County,2006,K-5,9648
Wicomico County,2006,K-5,6708
Worcester County,2006,K-5,2650
Maryland,2006,K-5,357974
Baltimore City,2007,Pre-K,3642
Allegany County,2007,Pre-K,440
Anne Arundel County,2007,Pre-K,1606
Baltimore County,2007,Pre-K,3604
Calvert County,2007,Pre-K,365
Caroline County,2007,Pre-K,298
Carroll County,2007,Pre-K,311
Cecil County,2007,Pre-K,521
Charles County,2007,Pre-K,798
Dorchester County,2007,Pre-K,216
Frederick County,2007,Pre-K,873
Garrett County,2007,Pre-K,110
Harford County,2007,Pre-K,874
Howard County,2007,Pre-K,956
Kent County,2007,Pre-K,119
Montgomery County,2007,Pre-K,3046
Prince George's County,2007,Pre-K,6640
Queen Anne's County,2007,Pre-K,328
St. Mary's County,2007,Pre-K,765
Somerset County,2007,Pre-K,176
Talbot County,2007,Pre-K,163
Washington County,2007,Pre-K,508
Wicomico County,2007,Pre-K,458
Worcester County,2007,Pre-K,362
Maryland,2007,Pre-K,27179
Baltimore City,2007,K-5,36880
Allegany County,2007,K-5,3940
Anne Arundel County,2007,K-5,31989
Baltimore County,2007,K-5,44051
Calvert County,2007,K-5,7049
Caroline County,2007,K-5,2405
Carroll County,2007,K-5,11712
Cecil County,2007,K-5,6871
Charles County,2007,K-5,10401
Dorchester County,2007,K-5,1919
Frederick County,2007,K-5,17360
Garrett County,2007,K-5,1813
Harford County,2007,K-5,16918
Howard County,2007,K-5,20565
Kent County,2007,K-5,940
Montgomery County,2007,K-5,58706
Prince George's County,2007,K-5,52591
Queen Anne's County,2007,K-5,3177
St. Mary's County,2007,K-5,7126
Somerset County,2007,K-5,1243
Talbot County,2007,K-5,1764
Washington County,2007,K-5,9711
Wicomico County,2007,K-5,6802
Worcester County,2007,K-5,2671
Maryland,2007,K-5,358604
Baltimore City,2007,9-12,23084
Allegany County,2007,9-12,3061
Anne Arundel County,2007,9-12,23150
Baltimore County,2007,9-12,33346
Calvert County,2007,9-12,5910
Caroline County,2007,9-12,1762
Carroll County,2007,9-12,9769
Cecil County,2007,9-12,5147
Charles County,2007,9-12,9269
Dorchester County,2007,9-12,1484
Frederick County,2007,9-12,12962
Garrett County,2007,9-12,1522
Harford County,2007,9-12,12282
Howard County,2007,9-12,16240
Kent County,2007,9-12,751
Montgomery County,2007,9-12,44958
Prince George's County,2007,9-12,41337
Queen Anne's County,2007,9-12,2491
St. Mary's County,2007,9-12,5279
Somerset County,2007,9-12,801
Talbot County,2007,9-12,1504
Washington County,2007,9-12,6605
Wicomico County,2007,9-12,4237
Worcester County,2007,9-12,2274
Maryland,2007,9-12,269225
Baltimore City,2007,6-8,17678
Allegany County,2007,6-8,1995
Anne Arundel County,2007,6-8,16665
Baltimore County,2007,6-8,23284
Calvert County,2007,6-8,4070
Caroline County,2007,6-8,1193
Carroll County,2007,6-8,6528
Cecil County,2007,6-8,3751
Charles County,2007,6-8,6208
Dorchester County,2007,6-8,1035
Frederick County,2007,6-8,9292
Garrett County,2007,6-8,1065
Harford County,2007,6-8,9098
Howard County,2007,6-8,11781
Kent County,2007,6-8,464
Montgomery County,2007,6-8,31007
Prince George's County,2007,6-8,29184
Queen Anne's County,2007,6-8,1812
St. Mary's County,2007,6-8,3721
Somerset County,2007,6-8,690
Talbot County,2007,6-8,965
Washington County,2007,6-8,4879
Wicomico County,2007,6-8,2902
Worcester County,2007,6-8,1438
Maryland,2007,6-8,190705
Baltimore City,2008,Pre-K,3999
Allegany County,2008,Pre-K,471
Anne Arundel County,2008,Pre-K,1684
Baltimore County,2008,Pre-K,3505
Calvert County,2008,Pre-K,325
Caroline County,2008,Pre-K,258
Carroll County,2008,Pre-K,316
Cecil County,2008,Pre-K,578
Charles County,2008,Pre-K,840
Dorchester County,2008,Pre-K,229
Frederick County,2008,Pre-K,918
Garrett County,2008,Pre-K,122
Harford County,2008,Pre-K,879
Howard County,2008,Pre-K,1019
Kent County,2008,Pre-K,138
Montgomery County,2008,Pre-K,3167
Prince George's County,2008,Pre-K,5770
Queen Anne's County,2008,Pre-K,292
St. Mary's County,2008,Pre-K,677
Somerset County,2008,Pre-K,196
Talbot County,2008,Pre-K,159
Washington County,2008,Pre-K,469
Wicomico County,2008,Pre-K,457
Worcester County,2008,Pre-K,353
Maryland,2008,Pre-K,26821
Baltimore City,2008,K-5,37370
Allegany County,2008,K-5,3870
Anne Arundel County,2008,K-5,32667
Baltimore County,2008,K-5,44629
Calvert County,2008,K-5,7009
Caroline County,2008,K-5,2378
Carroll County,2008,K-5,11674
Cecil County,2008,K-5,6942
Charles County,2008,K-5,10351
Dorchester County,2008,K-5,1900
Frederick County,2008,K-5,17189
Garrett County,2008,K-5,1824
Harford County,2008,K-5,16731
Howard County,2008,K-5,20840
Kent County,2008,K-5,927
Montgomery County,2008,K-5,60263
Prince George's County,2008,K-5,52964
Queen Anne's County,2008,K-5,3243
St. Mary's County,2008,K-5,7109
Somerset County,2008,K-5,1243
Talbot County,2008,K-5,1811
Washington County,2008,K-5,9818
Wicomico County,2008,K-5,6950
Worcester County,2008,K-5,2722
Maryland,2008,K-5,362424
Baltimore City,2008,9-12,24049
Allegany County,2008,9-12,2891
Anne Arundel County,2008,9-12,22735
Baltimore County,2008,9-12,32355
Calvert County,2008,9-12,5738
Caroline County,2008,9-12,1695
Carroll County,2008,9-12,9624
Cecil County,2008,9-12,5035
Charles County,2008,9-12,9327
Dorchester County,2008,9-12,1419
Frederick County,2008,9-12,12828
Garrett County,2008,9-12,1492
Harford County,2008,9-12,12032
Howard County,2008,9-12,16281
Kent County,2008,9-12,685
Montgomery County,2008,9-12,44867
Prince George's County,2008,9-12,41171
Queen Anne's County,2008,9-12,2547
St. Mary's County,2008,9-12,5308
Somerset County,2008,9-12,823
Talbot County,2008,9-12,1487
Washington County,2008,9-12,6542
Wicomico County,2008,9-12,4263
Worcester County,2008,9-12,2195
Maryland,2008,9-12,267389
Baltimore City,2008,6-8,16848
Allegany County,2008,6-8,2000
Anne Arundel County,2008,6-8,16567
Baltimore County,2008,6-8,22694
Calvert County,2008,6-8,3980
Caroline County,2008,6-8,1182
Carroll County,2008,6-8,6350
Cecil County,2008,6-8,3654
Charles County,2008,6-8,6209
Dorchester County,2008,6-8,1012
Frederick County,2008,6-8,9135
Garrett County,2008,6-8,987
Harford County,2008,6-8,8968
Howard County,2008,6-8,11765
Kent County,2008,6-8,469
Montgomery County,2008,6-8,30985
Prince George's County,2008,6-8,28072
Queen Anne's County,2008,6-8,1777
St. Mary's County,2008,6-8,3658
Somerset County,2008,6-8,650
Talbot County,2008,6-8,962
Washington County,2008,6-8,4905
Wicomico County,2008,6-8,2920
Worcester County,2008,6-8,1401
Maryland,2008,6-8,187150
Baltimore City,2009,Pre-K,4712
Allegany County,2009,Pre-K,459
Anne Arundel County,2009,Pre-K,1699
Baltimore County,2009,Pre-K,3585
Calvert County,2009,Pre-K,353
Caroline County,2009,Pre-K,327
Carroll County,2009,Pre-K,286
Cecil County,2009,Pre-K,585
Charles County,2009,Pre-K,865
Dorchester County,2009,Pre-K,214
Frederick County,2009,Pre-K,995
Garrett County,2009,Pre-K,122
Harford County,2009,Pre-K,902
Howard County,2009,Pre-K,961
Kent County,2009,Pre-K,124
Montgomery County,2009,Pre-K,3426
Prince George's County,2009,Pre-K,6139
Queen Anne's County,2009,Pre-K,281
St. Mary's County,2009,Pre-K,743
Somerset County,2009,Pre-K,191
Talbot County,2009,Pre-K,221
Washington County,2009,Pre-K,488
Wicomico County,2009,Pre-K,567
Worcester County,2009,Pre-K,381
Maryland,2009,Pre-K,28626
Baltimore City,2009,K-5,37458
Allegany County,2009,K-5,3878
Anne Arundel County,2009,K-5,33493
Baltimore County,2009,K-5,45423
Calvert County,2009,K-5,6973
Caroline County,2009,K-5,2409
Carroll County,2009,K-5,11680
Cecil County,2009,K-5,6919
Charles County,2009,K-5,10462
Dorchester County,2009,K-5,2036
Frederick County,2009,K-5,17240
Garrett County,2009,K-5,1817
Harford County,2009,K-5,16738
Howard County,2009,K-5,21316
Kent County,2009,K-5,933
Montgomery County,2009,K-5,62136
Prince George's County,2009,K-5,53270
Queen Anne's County,2009,K-5,3312
St. Mary's County,2009,K-5,7391
Somerset County,2009,K-5,1320
Talbot County,2009,K-5,1876
Washington County,2009,K-5,9894
Wicomico County,2009,K-5,6973
Worcester County,2009,K-5,2674
Maryland,2009,K-5,367621
Baltimore City,2009,9-12,24152
Allegany County,2009,9-12,2796
Anne Arundel County,2009,9-12,23005
Baltimore County,2009,9-12,31952
Calvert County,2009,9-12,5764
Caroline County,2009,9-12,1660
Carroll County,2009,9-12,9425
Cecil County,2009,9-12,5053
Charles County,2009,9-12,9253
Dorchester County,2009,9-12,1380
Frederick County,2009,9-12,12895
Garrett County,2009,9-12,1416
Harford County,2009,9-12,12136
Howard County,2009,9-12,16698
Kent County,2009,9-12,668
Montgomery County,2009,9-12,45164
Prince George's County,2009,9-12,40395
Queen Anne's County,2009,9-12,2462
St. Mary's County,2009,9-12,5289
Somerset County,2009,9-12,807
Talbot County,2009,9-12,1459
Washington County,2009,9-12,6478
Wicomico County,2009,9-12,4132
Worcester County,2009,9-12,2189
Maryland,2009,9-12,266628
Baltimore City,2009,6-8,16544
Allegany County,2009,6-8,2019
Anne Arundel County,2009,6-8,16579
Baltimore County,2009,6-8,22366
Calvert County,2009,6-8,3916
Caroline County,2009,6-8,1155
Carroll County,2009,6-8,6330
Cecil County,2009,6-8,3648
Charles County,2009,6-8,6199
Dorchester County,2009,6-8,998
Frederick County,2009,6-8,9029
Garrett County,2009,6-8,956
Harford County,2009,6-8,8860
Howard County,2009,6-8,11666
Kent County,2009,6-8,459
Montgomery County,2009,6-8,30996
Prince George's County,2009,6-8,27243
Queen Anne's County,2009,6-8,1738
St. Mary's County,2009,6-8,3763
Somerset County,2009,6-8,580
Talbot County,2009,6-8,939
Washington County,2009,6-8,5042
Wicomico County,2009,6-8,2947
Worcester County,2009,6-8,1415
Maryland,2009,6-8,185387
Baltimore City,2010,Pre-K,4874
Allegany County,2010,Pre-K,506
Anne Arundel County,2010,Pre-K,1670
Baltimore County,2010,Pre-K,3613
Calvert County,2010,Pre-K,385
Caroline County,2010,Pre-K,343
Carroll County,2010,Pre-K,271
Cecil County,2010,Pre-K,590
Charles County,2010,Pre-K,858
Dorchester County,2010,Pre-K,268
Frederick County,2010,Pre-K,984
Garrett County,2010,Pre-K,122
Harford County,2010,Pre-K,782
Howard County,2010,Pre-K,1003
Kent County,2010,Pre-K,148
Montgomery County,2010,Pre-K,3503
Prince George's County,2010,Pre-K,6424
Queen Anne's County,2010,Pre-K,288
St. Mary's County,2010,Pre-K,807
Somerset County,2010,Pre-K,214
Talbot County,2010,Pre-K,246
Washington County,2010,Pre-K,538
Wicomico County,2010,Pre-K,572
Worcester County,2010,Pre-K,368
Maryland,2010,Pre-K,29377
Baltimore City,2010,K-5,37956
Allegany County,2010,K-5,3854
Anne Arundel County,2010,K-5,34305
Baltimore County,2010,K-5,46364
Calvert County,2010,K-5,6891
Caroline County,2010,K-5,2458
Carroll County,2010,K-5,11700
Cecil County,2010,K-5,6860
Charles County,2010,K-5,10686
Dorchester County,2010,K-5,2040
Frederick County,2010,K-5,17584
Garrett County,2010,K-5,1797
Harford County,2010,K-5,16776
Howard County,2010,K-5,21851
Kent County,2010,K-5,930
Montgomery County,2010,K-5,64353
Prince George's County,2010,K-5,54333
Queen Anne's County,2010,K-5,3366
St. Mary's County,2010,K-5,7527
Somerset County,2010,K-5,1336
Talbot County,2010,K-5,1936
Washington County,2010,K-5,10018
Wicomico County,2010,K-5,6810
Worcester County,2010,K-5,2740
Maryland,2010,K-5,374471
Baltimore City,2010,9-12,24311
Allegany County,2010,9-12,2710
Anne Arundel County,2010,9-12,22724
Baltimore County,2010,9-12,31609
Calvert County,2010,9-12,5672
Caroline County,2010,9-12,1590
Carroll County,2010,9-12,9225
Cecil County,2010,9-12,4895
Charles County,2010,9-12,9185
Dorchester County,2010,9-12,1360
Frederick County,2010,9-12,12726
Garrett County,2010,9-12,1372
Harford County,2010,9-12,12167
Howard County,2010,9-12,16656
Kent County,2010,9-12,639
Montgomery County,2010,9-12,45307
Prince George's County,2010,9-12,39337
Queen Anne's County,2010,9-12,2446
St. Mary's County,2010,9-12,5177
Somerset County,2010,9-12,803
Talbot County,2010,9-12,1415
Washington County,2010,9-12,6591
Wicomico County,2010,9-12,4002
Worcester County,2010,9-12,2136
Maryland,2010,9-12,264055
Baltimore City,2010,6-8,16659
Allegany County,2010,6-8,1952
Anne Arundel County,2010,6-8,16782
Baltimore County,2010,6-8,22574
Calvert County,2010,6-8,3847
Caroline County,2010,6-8,1126
Carroll County,2010,6-8,6138
Cecil County,2010,6-8,3592
Charles County,2010,6-8,6121
Dorchester County,2010,6-8,979
Frederick County,2010,6-8,8894
Garrett County,2010,6-8,921
Harford County,2010,6-8,8669
Howard County,2010,6-8,11484
Kent County,2010,6-8,466
Montgomery County,2010,6-8,30860
Prince George's County,2010,6-8,26577
Queen Anne's County,2010,6-8,1681
St. Mary's County,2010,6-8,3760
Somerset County,2010,6-8,567
Talbot County,2010,6-8,907
Washington County,2010,6-8,5059
Wicomico County,2010,6-8,2998
Worcester County,2010,6-8,1455
Maryland,2010,6-8,184068
Baltimore City,2011,Pre-K,4852
Allegany County,2011,Pre-K,499
Anne Arundel County,2011,Pre-K,1892
Baltimore County,2011,Pre-K,3631
Calvert County,2011,Pre-K,386
Caroline County,2011,Pre-K,324
Carroll County,2011,Pre-K,296
Cecil County,2011,Pre-K,590
Charles County,2011,Pre-K,891
Dorchester County,2011,Pre-K,256
Frederick County,2011,Pre-K,1063
Garrett County,2011,Pre-K,131
Harford County,2011,Pre-K,779
Howard County,2011,Pre-K,1066
Kent County,2011,Pre-K,122
Montgomery County,2011,Pre-K,3627
Prince George's County,2011,Pre-K,5495
Queen Anne's County,2011,Pre-K,252
St. Mary's County,2011,Pre-K,701
Somerset County,2011,Pre-K,201
Talbot County,2011,Pre-K,268
Washington County,2011,Pre-K,485
Wicomico County,2011,Pre-K,654
Worcester County,2011,Pre-K,389
Maryland,2011,Pre-K,28850
Baltimore City,2011,K-5,38668
Allegany County,2011,K-5,3809
Anne Arundel County,2011,K-5,34867
Baltimore County,2011,K-5,47757
Calvert County,2011,K-5,6846
Caroline County,2011,K-5,2499
Carroll County,2011,K-5,11574
Cecil County,2011,K-5,6878
Charles County,2011,K-5,10729
Dorchester County,2011,K-5,2081
Frederick County,2011,K-5,17727
Garrett County,2011,K-5,1757
Harford County,2011,K-5,16766
Howard County,2011,K-5,22281
Kent County,2011,K-5,947
Montgomery County,2011,K-5,66324
Prince George's County,2011,K-5,54948
Queen Anne's County,2011,K-5,3405
St. Mary's County,2011,K-5,7831
Somerset County,2011,K-5,1371
Talbot County,2011,K-5,1986
Washington County,2011,K-5,10048
Wicomico County,2011,K-5,6806
Worcester County,2011,K-5,2748
Maryland,2011,K-5,380653
Baltimore City,2011,9-12,23706
Allegany County,2011,9-12,2660
Anne Arundel County,2011,9-12,22696
Baltimore County,2011,9-12,30993
Calvert County,2011,9-12,5525
Caroline County,2011,9-12,1577
Carroll County,2011,9-12,9054
Cecil County,2011,9-12,4777
Charles County,2011,9-12,9159
Dorchester County,2011,9-12,1367
Frederick County,2011,9-12,12680
Garrett County,2011,9-12,1254
Harford County,2011,9-12,12036
Howard County,2011,9-12,16667
Kent County,2011,9-12,648
Montgomery County,2011,9-12,45232
Prince George's County,2011,9-12,37272
Queen Anne's County,2011,9-12,2412
St. Mary's County,2011,9-12,5220
Somerset County,2011,9-12,744
Talbot County,2011,9-12,1358
Washington County,2011,9-12,6670
Wicomico County,2011,9-12,4014
Worcester County,2011,9-12,2095
Maryland,2011,9-12,259816
Baltimore City,2011,6-8,16986
Allegany County,2011,6-8,1945
Anne Arundel County,2011,6-8,16848
Baltimore County,2011,6-8,22772
Calvert County,2011,6-8,3796
Caroline County,2011,6-8,1145
Carroll County,2011,6-8,6158
Cecil County,2011,6-8,3582
Charles County,2011,6-8,5999
Dorchester County,2011,6-8,943
Frederick County,2011,6-8,8943
Garrett County,2011,6-8,935
Harford County,2011,6-8,8643
Howard County,2011,6-8,11541
Kent County,2011,6-8,445
Montgomery County,2011,6-8,31276
Prince George's County,2011,6-8,26118
Queen Anne's County,2011,6-8,1692
St. Mary's County,2011,6-8,3697
Somerset County,2011,6-8,566
Talbot County,2011,6-8,935
Washington County,2011,6-8,5037
Wicomico County,2011,6-8,3046
Worcester County,2011,6-8,1411
Maryland,2011,6-8,184459
Baltimore City,2012,Pre-K,4890
Allegany County,2012,Pre-K,520
Anne Arundel County,2012,Pre-K,2182
Baltimore County,2012,Pre-K,3658
Calvert County,2012,Pre-K,400
Caroline County,2012,Pre-K,365
Carroll County,2012,Pre-K,363
Cecil County,2012,Pre-K,627
Charles County,2012,Pre-K,911
Dorchester County,2012,Pre-K,270
Frederick County,2012,Pre-K,1067
Garrett County,2012,Pre-K,86
Harford County,2012,Pre-K,760
Howard County,2012,Pre-K,1084
Kent County,2012,Pre-K,119
Montgomery County,2012,Pre-K,3779
Prince George's County,2012,Pre-K,5602
Queen Anne's County,2012,Pre-K,249
St. Mary's County,2012,Pre-K,741
Somerset County,2012,Pre-K,214
Talbot County,2012,Pre-K,293
Washington County,2012,Pre-K,489
Wicomico County,2012,Pre-K,611
Worcester County,2012,Pre-K,391
Maryland,2012,Pre-K,29671
Baltimore City,2012,K-5,39490
Allegany County,2012,K-5,3822
Anne Arundel County,2012,K-5,36027
Baltimore County,2012,K-5,49464
Calvert County,2012,K-5,6733
Caroline County,2012,K-5,2516
Carroll County,2012,K-5,11370
Cecil County,2012,K-5,6850
Charles County,2012,K-5,10938
Dorchester County,2012,K-5,2155
Frederick County,2012,K-5,17867
Garrett County,2012,K-5,1787
Harford County,2012,K-5,16834
Howard County,2012,K-5,22768
Kent County,2012,K-5,946
Montgomery County,2012,K-5,68322
Prince George's County,2012,K-5,56375
Queen Anne's County,2012,K-5,3461
St. Mary's County,2012,K-5,7955
Somerset County,2012,K-5,1384
Talbot County,2012,K-5,1993
Washington County,2012,K-5,10185
Wicomico County,2012,K-5,6911
Worcester County,2012,K-5,2791
Maryland,2012,K-5,388944
Baltimore City,2012,9-12,23372
Allegany County,2012,9-12,2664
Anne Arundel County,2012,9-12,22650
Baltimore County,2012,9-12,31034
Calvert County,2012,9-12,5425
Caroline County,2012,9-12,1522
Carroll County,2012,9-12,8899
Cecil County,2012,9-12,4672
Charles County,2012,9-12,8972
Dorchester County,2012,9-12,1296
Frederick County,2012,9-12,12608
Garrett County,2012,9-12,1216
Harford County,2012,9-12,11890
Howard County,2012,9-12,16700
Kent County,2012,9-12,621
Montgomery County,2012,9-12,45150
Prince George's County,2012,9-12,35938
Queen Anne's County,2012,9-12,2315
St. Mary's County,2012,9-12,5048
Somerset County,2012,9-12,731
Talbot County,2012,9-12,1353
Washington County,2012,9-12,6718
Wicomico County,2012,9-12,3936
Worcester County,2012,9-12,2005
Maryland,2012,9-12,256735
Baltimore City,2012,6-8,16995
Allegany County,2012,6-8,1923
Anne Arundel County,2012,6-8,16911
Baltimore County,2012,6-8,22771
Calvert County,2012,6-8,3765
Caroline County,2012,6-8,1182
Carroll County,2012,6-8,6055
Cecil County,2012,6-8,3485
Charles County,2012,6-8,5823
Dorchester County,2012,6-8,997
Frederick County,2012,6-8,8914
Garrett County,2012,6-8,915
Harford County,2012,6-8,8384
Howard County,2012,6-8,11501
Kent County,2012,6-8,444
Montgomery County,2012,6-8,31529
Prince George's County,2012,6-8,25822
Queen Anne's County,2012,6-8,1727
St. Mary's County,2012,6-8,3709
Somerset County,2012,6-8,614
Talbot County,2012,6-8,931
Washington County,2012,6-8,5011
Wicomico County,2012,6-8,3031
Worcester County,2012,6-8,1463
Maryland,2012,6-8,183902
Baltimore City,2013,Pre-K,4763
Allegany County,2013,Pre-K,523
Anne Arundel County,2013,Pre-K,2157
Baltimore County,2013,Pre-K,3667
Calvert County,2013,Pre-K,362
Caroline County,2013,Pre-K,310
Carroll County,2013,Pre-K,372
Cecil County,2013,Pre-K,720
Charles County,2013,Pre-K,921
Dorchester County,2013,Pre-K,253
Frederick County,2013,Pre-K,1111
Garrett County,2013,Pre-K,100
Harford County,2013,Pre-K,770
Howard County,2013,Pre-K,1125
Kent County,2013,Pre-K,126
Montgomery County,2013,Pre-K,3770
Prince George's County,2013,Pre-K,5641
Queen Anne's County,2013,Pre-K,244
St. Mary's County,2013,Pre-K,937
Somerset County,2013,Pre-K,217
Talbot County,2013,Pre-K,238
Washington County,2013,Pre-K,510
Wicomico County,2013,Pre-K,591
Worcester County,2013,Pre-K,383
Maryland,2013,Pre-K,29811
Baltimore City,2013,K-5,40023
Allegany County,2013,K-5,3828
Anne Arundel County,2013,K-5,36736
Baltimore County,2013,K-5,50828
Calvert County,2013,K-5,6728
Caroline County,2013,K-5,2519
Carroll County,2013,K-5,11211
Cecil County,2013,K-5,6862
Charles County,2013,K-5,10997
Dorchester County,2013,K-5,2242
Frederick County,2013,K-5,18084
Garrett County,2013,K-5,1720
Harford County,2013,K-5,16895
Howard County,2013,K-5,23355
Kent County,2013,K-5,946
Montgomery County,2013,K-5,69943
Prince George's County,2013,K-5,57829
Queen Anne's County,2013,K-5,3384
St. Mary's County,2013,K-5,8034
Somerset County,2013,K-5,1380
Talbot County,2013,K-5,2004
Washington County,2013,K-5,10214
Wicomico County,2013,K-5,6925
Worcester County,2013,K-5,2855
Maryland,2013,K-5,395542
Baltimore City,2013,9-12,22882
Allegany County,2013,9-12,2570
Anne Arundel County,2013,9-12,22523
Baltimore County,2013,9-12,30740
Calvert County,2013,9-12,5337
Caroline County,2013,9-12,1501
Carroll County,2013,9-12,8633
Cecil County,2013,9-12,4694
Charles County,2013,9-12,8680
Dorchester County,2013,9-12,1273
Frederick County,2013,9-12,12435
Garrett County,2013,9-12,1190
Harford County,2013,9-12,11601
Howard County,2013,9-12,16417
Kent County,2013,9-12,599
Montgomery County,2013,9-12,45132
Prince George's County,2013,9-12,35174
Queen Anne's County,2013,9-12,2325
St. Mary's County,2013,9-12,5075
Somerset County,2013,9-12,734
Talbot County,2013,9-12,1321
Washington County,2013,9-12,6676
Wicomico County,2013,9-12,3941
Worcester County,2013,9-12,1991
Maryland,2013,9-12,253444
Baltimore City,2013,6-8,17062
Allegany County,2013,6-8,1951
Anne Arundel County,2013,6-8,17073
Baltimore County,2013,6-8,22956
Calvert County,2013,6-8,3794
Caroline County,2013,6-8,1215
Carroll County,2013,6-8,6115
Cecil County,2013,6-8,3548
Charles County,2013,6-8,5857
Dorchester County,2013,6-8,998
Frederick County,2013,6-8,9018
Garrett County,2013,6-8,876
Harford County,2013,6-8,8576
Howard County,2013,6-8,11909
Kent County,2013,6-8,446
Montgomery County,2013,6-8,32450
Prince George's County,2013,6-8,26492
Queen Anne's County,2013,6-8,1763
St. Mary's County,2013,6-8,3795
Somerset County,2013,6-8,614
Talbot County,2013,6-8,974
Washington County,2013,6-8,5095
Wicomico County,2013,6-8,2974
Worcester County,2013,6-8,1420
Maryland,2013,6-8,186971
Baltimore City,2014,Pre-K,4811
Allegany County,2014,Pre-K,508
Anne Arundel County,2014,Pre-K,2080
Baltimore County,2014,Pre-K,3752
Calvert County,2014,Pre-K,399
Caroline County,2014,Pre-K,299
Carroll County,2014,Pre-K,362
Cecil County,2014,Pre-K,743
Charles County,2014,Pre-K,839
Dorchester County,2014,Pre-K,213
Frederick County,2014,Pre-K,1101
Garrett County,2014,Pre-K,148
Harford County,2014,Pre-K,772
Howard County,2014,Pre-K,1174
Kent County,2014,Pre-K,139
Montgomery County,2014,Pre-K,4115
Prince George's County,2014,Pre-K,5793
Queen Anne's County,2014,Pre-K,244
St. Mary's County,2014,Pre-K,922
Somerset County,2014,Pre-K,205
Talbot County,2014,Pre-K,258
Washington County,2014,Pre-K,554
Wicomico County,2014,Pre-K,574
Worcester County,2014,Pre-K,380
Maryland,2014,Pre-K,30385
Baltimore City,2014,K-5,40774
Allegany County,2014,K-5,3879
Anne Arundel County,2014,K-5,37346
Baltimore County,2014,K-5,51717
Calvert County,2014,K-5,6598
Caroline County,2014,K-5,2532
Carroll County,2014,K-5,10966
Cecil County,2014,K-5,6800
Charles County,2014,K-5,10991
Dorchester County,2014,K-5,2297
Frederick County,2014,K-5,18098
Garrett County,2014,K-5,1720
Harford County,2014,K-5,16768
Howard County,2014,K-5,23730
Kent County,2014,K-5,934
Montgomery County,2014,K-5,71199
Prince George's County,2014,K-5,59372
Queen Anne's County,2014,K-5,3437
St. Mary's County,2014,K-5,8110
Somerset County,2014,K-5,1378
Talbot County,2014,K-5,2031
Washington County,2014,K-5,10044
Wicomico County,2014,K-5,7003
Worcester County,2014,K-5,2805
Maryland,2014,K-5,400529
Baltimore City,2014,9-12,22341
Allegany County,2014,9-12,2590
Anne Arundel County,2014,9-12,22712
Baltimore County,2014,9-12,30925
Calvert County,2014,9-12,5228
Caroline County,2014,9-12,1550
Carroll County,2014,9-12,8512
Cecil County,2014,9-12,4692
Charles County,2014,9-12,8617
Dorchester County,2014,9-12,1275
Frederick County,2014,9-12,12514
Garrett County,2014,9-12,1150
Harford County,2014,9-12,11557
Howard County,2014,9-12,16485
Kent County,2014,9-12,594
Montgomery County,2014,9-12,45633
Prince George's County,2014,9-12,35495
Queen Anne's County,2014,9-12,2296
St. Mary's County,2014,9-12,5008
Somerset County,2014,9-12,729
Talbot County,2014,9-12,1334
Washington County,2014,9-12,6670
Wicomico County,2014,9-12,3988
Worcester County,2014,9-12,1996
Maryland,2014,9-12,253891
Baltimore City,2014,6-8,17050
Allegany County,2014,6-8,1888
Anne Arundel County,2014,6-8,17380
Baltimore County,2014,6-8,23436
Calvert County,2014,6-8,3806
Caroline County,2014,6-8,1211
Carroll County,2014,6-8,6039
Cecil County,2014,6-8,3446
Charles County,2014,6-8,5811
Dorchester County,2014,6-8,1011
Frederick County,2014,6-8,9068
Garrett County,2014,6-8,840
Harford County,2014,6-8,8440
Howard County,2014,6-8,12296
Kent County,2014,6-8,439
Montgomery County,2014,6-8,33488
Prince George's County,2014,6-8,26916
Queen Anne's County,2014,6-8,1747
St. Mary's County,2014,6-8,3847
Somerset County,2014,6-8,626
Talbot County,2014,6-8,1007
Washington County,2014,6-8,5059
Wicomico County,2014,6-8,2980
Worcester County,2014,6-8,1473
Maryland,2014,6-8,189304
Baltimore City,2015,Pre-K,4691
Allegany County,2015,Pre-K,495
Anne Arundel County,2015,Pre-K,2170
Baltimore County,2015,Pre-K,3827
Calvert County,2015,Pre-K,410
Caroline County,2015,Pre-K,297
Carroll County,2015,Pre-K,373
Cecil County,2015,Pre-K,758
Charles County,2015,Pre-K,835
Dorchester County,2015,Pre-K,224
Frederick County,2015,Pre-K,1185
Garrett County,2015,Pre-K,174
Harford County,2015,Pre-K,811
Howard County,2015,Pre-K,1236
Kent County,2015,Pre-K,120
Montgomery County,2015,Pre-K,4342
Prince George's County,2015,Pre-K,5865
Queen Anne's County,2015,Pre-K,256
St. Mary's County,2015,Pre-K,192
Somerset County,2015,Pre-K,995
Talbot County,2015,Pre-K,224
Washington County,2015,Pre-K,579
Wicomico County,2015,Pre-K,587
Worcester County,2015,Pre-K,388
Maryland,2015,Pre-K,31034
Baltimore City,2015,K-5,40269
Allegany County,2015,K-5,3859
Anne Arundel County,2015,K-5,37777
Baltimore County,2015,K-5,52361
Calvert County,2015,K-5,6641
Caroline County,2015,K-5,2546
Carroll County,2015,K-5,10737
Cecil County,2015,K-5,6938
Charles County,2015,K-5,11149
Dorchester County,2015,K-5,2245
Frederick County,2015,K-5,18080
Garrett County,2015,K-5,1686
Harford County,2015,K-5,16675
Howard County,2015,K-5,24283
Kent County,2015,K-5,896
Montgomery County,2015,K-5,71505
Prince George's County,2015,K-5,60256
Queen Anne's County,2015,K-5,3396
St. Mary's County,2015,K-5,1328
Somerset County,2015,K-5,8150
Talbot County,2015,K-5,2045
Washington County,2015,K-5,10031
Wicomico County,2015,K-5,7105
Worcester County,2015,K-5,2830
Maryland,2015,K-5,402788
Baltimore City,2015,9-12,21746
Allegany County,2015,9-12,2559
Anne Arundel County,2015,9-12,22671
Baltimore County,2015,9-12,31015
Calvert County,2015,9-12,5165
Caroline County,2015,9-12,1522
Carroll County,2015,9-12,8355
Cecil County,2015,9-12,4720
Charles County,2015,9-12,8409
Dorchester County,2015,9-12,1251
Frederick County,2015,9-12,12355
Garrett County,2015,9-12,1121
Harford County,2015,9-12,11311
Howard County,2015,9-12,16621
Kent County,2015,9-12,566
Montgomery County,2015,9-12,46122
Prince George's County,2015,9-12,35393
Queen Anne's County,2015,9-12,2237
St. Mary's County,2015,9-12,748
Somerset County,2015,9-12,4929
Talbot County,2015,9-12,1354
Washington County,2015,9-12,6606
Wicomico County,2015,9-12,4084
Worcester County,2015,9-12,2035
Maryland,2015,9-12,252895
Baltimore City,2015,6-8,16960
Allegany County,2015,6-8,1899
Anne Arundel County,2015,6-8,17769
Baltimore County,2015,6-8,23936
Calvert County,2015,6-8,3801
Caroline County,2015,6-8,1237
Carroll County,2015,6-8,6086
Cecil County,2015,6-8,3443
Charles County,2015,6-8,5914
Dorchester County,2015,6-8,1019
Frederick County,2015,6-8,9035
Garrett County,2015,6-8,875
Harford County,2015,6-8,8651
Howard County,2015,6-8,12730
Kent County,2015,6-8,447
Montgomery County,2015,6-8,34411
Prince George's County,2015,6-8,27425
Queen Anne's County,2015,6-8,1828
St. Mary's County,2015,6-8,640
Somerset County,2015,6-8,3867
Talbot County,2015,6-8,1002
Washington County,2015,6-8,5087
Wicomico County,2015,6-8,3014
Worcester County,2015,6-8,1407
Maryland,2015,6-8,192483
Baltimore City,2016,Pre-K,4488
Allegany County,2016,Pre-K,490
Anne Arundel County,2016,Pre-K,2271
Baltimore County,2016,Pre-K,3831
Calvert County,2016,Pre-K,398
Caroline County,2016,Pre-K,317
Carroll County,2016,Pre-K,390
Cecil County,2016,Pre-K,656
Charles County,2016,Pre-K,868
Dorchester County,2016,Pre-K,254
Frederick County,2016,Pre-K,1206
Garrett County,2016,Pre-K,195
Harford County,2016,Pre-K,840
Howard County,2016,Pre-K,1290
Kent County,2016,Pre-K,110
Montgomery County,2016,Pre-K,4320
Prince George's County,2016,Pre-K,5771
Queen Anne's County,2016,Pre-K,259
St. Mary's County,2016,Pre-K,185
Somerset County,2016,Pre-K,939
Talbot County,2016,Pre-K,271
Washington County,2016,Pre-K,644
Wicomico County,2016,Pre-K,599
Worcester County,2016,Pre-K,354
Maryland,2016,Pre-K,30946
Baltimore City,2016,K-5,39594
Allegany County,2016,K-5,3853
Anne Arundel County,2016,K-5,38378
Baltimore County,2016,K-5,52637
Calvert County,2016,K-5,6665
Caroline County,2016,K-5,2542
Carroll County,2016,K-5,10641
Cecil County,2016,K-5,6850
Charles County,2016,K-5,11214
Dorchester County,2016,K-5,2269
Frederick County,2016,K-5,18249
Garrett County,2016,K-5,1628
Harford County,2016,K-5,16671
Howard County,2016,K-5,24619
Kent County,2016,K-5,880
Montgomery County,2016,K-5,71973
Prince George's County,2016,K-5,61246
Queen Anne's County,2016,K-5,3380
St. Mary's County,2016,K-5,1366
Somerset County,2016,K-5,8185
Talbot County,2016,K-5,1966
Washington County,2016,K-5,10120
Wicomico County,2016,K-5,7102
Worcester County,2016,K-5,2838
Maryland,2016,K-5,404866
Baltimore City,2016,9-12,21381
Allegany County,2016,9-12,2504
Anne Arundel County,2016,9-12,22858
Baltimore County,2016,9-12,31167
Calvert County,2016,9-12,5165
Caroline County,2016,9-12,1605
Carroll County,2016,9-12,8278
Cecil County,2016,9-12,4689
Charles County,2016,9-12,8348
Dorchester County,2016,9-12,1249
Frederick County,2016,9-12,12543
Garrett County,2016,9-12,1113
Harford County,2016,9-12,11407
Howard County,2016,9-12,16814
Kent County,2016,9-12,573
Montgomery County,2016,9-12,47450
Prince George's County,2016,9-12,36099
Queen Anne's County,2016,9-12,2325
St. Mary's County,2016,9-12,769
Somerset County,2016,9-12,5024
Talbot County,2016,9-12,1386
Washington County,2016,9-12,6710
Wicomico County,2016,9-12,4142
Worcester County,2016,9-12,2025
Maryland,2016,9-12,255624
Baltimore City,2016,6-8,16891
Allegany County,2016,6-8,1855
Anne Arundel County,2016,6-8,17890
Baltimore County,2016,6-8,24512
Calvert County,2016,6-8,3722
Caroline County,2016,6-8,1241
Carroll County,2016,6-8,5947
Cecil County,2016,6-8,3438
Charles County,2016,6-8,5960
Dorchester County,2016,6-8,1044
Frederick County,2016,6-8,9319
Garrett County,2016,6-8,897
Harford County,2016,6-8,8508
Howard County,2016,6-8,12915
Kent County,2016,6-8,438
Montgomery County,2016,6-8,35267
Prince George's County,2016,6-8,27698
Queen Anne's County,2016,6-8,1787
St. Mary's County,2016,6-8,638
Somerset County,2016,6-8,3919
Talbot County,2016,6-8,970
Washington County,2016,6-8,5071
Wicomico County,2016,6-8,3046
Worcester County,2016,6-8,1450
Maryland,2016,6-8,194423
Baltimore City,2017,Pre-K,4411
Allegany County,2017,Pre-K,438
Anne Arundel County,2017,Pre-K,2320
Baltimore County,2017,Pre-K,3767
Calvert County,2017,Pre-K,455
Caroline County,2017,Pre-K,315
Carroll County,2017,Pre-K,348
Cecil County,2017,Pre-K,580
Charles County,2017,Pre-K,807
Dorchester County,2017,Pre-K,236
Frederick County,2017,Pre-K,1285
Garrett County,2017,Pre-K,161
Harford County,2017,Pre-K,906
Howard County,2017,Pre-K,1314
Kent County,2017,Pre-K,75
Montgomery County,2017,Pre-K,4423
Prince George's County,2017,Pre-K,5241
Queen Anne's County,2017,Pre-K,242
St. Mary's County,2017,Pre-K,210
Somerset County,2017,Pre-K,899
Talbot County,2017,Pre-K,238
Washington County,2017,Pre-K,676
Wicomico County,2017,Pre-K,665
Worcester County,2017,Pre-K,357
Maryland,2017,Pre-K,30369
Baltimore City,2017,K-5,38453
Allegany County,2017,K-5,3825
Anne Arundel County,2017,K-5,39003
Baltimore County,2017,K-5,52898
Calvert County,2017,K-5,6645
Caroline County,2017,K-5,2555
Carroll County,2017,K-5,10739
Cecil County,2017,K-5,6710
Charles County,2017,K-5,11466
Dorchester County,2017,K-5,2185
Frederick County,2017,K-5,18401
Garrett County,2017,K-5,1636
Harford County,2017,K-5,16715
Howard County,2017,K-5,25012
Kent County,2017,K-5,833
Montgomery County,2017,K-5,72214
Prince George's County,2017,K-5,61425
Queen Anne's County,2017,K-5,3354
St. Mary's County,2017,K-5,1312
Somerset County,2017,K-5,8039
Talbot County,2017,K-5,1988
Washington County,2017,K-5,10015
Wicomico County,2017,K-5,7080
Worcester County,2017,K-5,2864
Maryland,2017,K-5,405367
Baltimore City,2017,9-12,20763
Allegany County,2017,9-12,2531
Anne Arundel County,2017,9-12,23221
Baltimore County,2017,9-12,31668
Calvert County,2017,9-12,5208
Caroline County,2017,9-12,1639
Carroll County,2017,9-12,8338
Cecil County,2017,9-12,4636
Charles County,2017,9-12,8515
Dorchester County,2017,9-12,1283
Frederick County,2017,9-12,12805
Garrett County,2017,9-12,1131
Harford County,2017,9-12,11484
Howard County,2017,9-12,17262
Kent County,2017,9-12,584
Montgomery County,2017,9-12,48829
Prince George's County,2017,9-12,37067
Queen Anne's County,2017,9-12,2351
St. Mary's County,2017,9-12,732
Somerset County,2017,9-12,5149
Talbot County,2017,9-12,1424
Washington County,2017,9-12,6842
Wicomico County,2017,9-12,4223
Worcester County,2017,9-12,2035
Maryland,2017,9-12,259720
Baltimore City,2017,6-8,16964
Allegany County,2017,6-8,1835
Anne Arundel County,2017,6-8,18233
Baltimore County,2017,6-8,24949
Calvert County,2017,6-8,3600
Caroline County,2017,6-8,1278
Carroll County,2017,6-8,5865
Cecil County,2017,6-8,3438
Charles County,2017,6-8,6103
Dorchester County,2017,6-8,1063
Frederick County,2017,6-8,9649
Garrett County,2017,6-8,883
Harford County,2017,6-8,8675
Howard County,2017,6-8,13196
Kent County,2017,6-8,448
Montgomery County,2017,6-8,36080
Prince George's County,2017,6-8,28589
Queen Anne's County,2017,6-8,1831
St. Mary's County,2017,6-8,664
Somerset County,2017,6-8,3966
Talbot County,2017,6-8,996
Washington County,2017,6-8,5062
Wicomico County,2017,6-8,2985
Worcester County,2017,6-8,1428
Maryland,2017,6-8,197780
