jdx,year,visits,race
State,2017,4292,All races/ ethnicities (aggregated)
Allegany,2017,3310,All races/ ethnicities (aggregated)
Anne Arundel,2017,5734,All races/ ethnicities (aggregated)
Baltimore City,2017,10094,All races/ ethnicities (aggregated)
Baltimore County,2017,4210,All races/ ethnicities (aggregated)
Calvert,2017,2999,All races/ ethnicities (aggregated)
Caroline,2017,7556,All races/ ethnicities (aggregated)
Carroll,2017,4216,All races/ ethnicities (aggregated)
Cecil,2017,9584,All races/ ethnicities (aggregated)
Charles,2017,2818,All races/ ethnicities (aggregated)
Dorchester,2017,11252,All races/ ethnicities (aggregated)
Frederick,2017,3064,All races/ ethnicities (aggregated)
Garrett,2017,7968,All races/ ethnicities (aggregated)
Harford,2017,3020,All races/ ethnicities (aggregated)
Howard,2017,3082,All races/ ethnicities (aggregated)
Kent,2017,13662,All races/ ethnicities (aggregated)
Montgomery,2017,2312,All races/ ethnicities (aggregated)
Prince George's,2017,1956,All races/ ethnicities (aggregated)
Queen Anne's,2017,6120,All races/ ethnicities (aggregated)
Saint Mary's,2017,6173,All races/ ethnicities (aggregated)
Somerset,2017,2696,All races/ ethnicities (aggregated)
Talbot,2017,7662,All races/ ethnicities (aggregated)
Washington,2017,5411,All races/ ethnicities (aggregated)
Wicomico,2017,2898,All races/ ethnicities (aggregated)
Worcester,2017,3503,All races/ ethnicities (aggregated)
State,2017,4890,Black Non-Hispanic
Allegany,2017,1971,Black Non-Hispanic
Anne Arundel,2017,6266,Black Non-Hispanic
Baltimore City,2017,11221,Black Non-Hispanic
Baltimore County,2017,4528,Black Non-Hispanic
Calvert,2017,2841,Black Non-Hispanic
Caroline,2017,7703,Black Non-Hispanic
Carroll,2017,5016,Black Non-Hispanic
Cecil,2017,12007,Black Non-Hispanic
Charles,2017,2392,Black Non-Hispanic
Dorchester,2017,15456,Black Non-Hispanic
Frederick,2017,3589,Black Non-Hispanic
Garrett,2017,,Black Non-Hispanic
Harford,2017,3269,Black Non-Hispanic
Howard,2017,4240,Black Non-Hispanic
Kent,2017,18036,Black Non-Hispanic
Montgomery,2017,2711,Black Non-Hispanic
Prince George's,2017,1958,Black Non-Hispanic
Queen Anne's,2017,8983,Black Non-Hispanic
Saint Mary's,2017,7084,Black Non-Hispanic
Somerset,2017,2379,Black Non-Hispanic
Talbot,2017,11491,Black Non-Hispanic
Washington,2017,5038,Black Non-Hispanic
Wicomico,2017,3392,Black Non-Hispanic
Worcester,2017,3116,Black Non-Hispanic
State,2017,1694,Hispanic
Allegany,2017,,Hispanic
Anne Arundel,2017,3299,Hispanic
Baltimore City,2017,3526,Hispanic
Baltimore County,2017,1615,Hispanic
Calvert,2017,,Hispanic
Caroline,2017,,Hispanic
Carroll,2017,1787,Hispanic
Cecil,2017,6060,Hispanic
Charles,2017,1111,Hispanic
Dorchester,2017,5653,Hispanic
Frederick,2017,1771,Hispanic
Garrett,2017,,Hispanic
Harford,2017,2345,Hispanic
Howard,2017,2385,Hispanic
Kent,2017,,Hispanic
Montgomery,2017,1579,Hispanic
Prince George's,2017,824,Hispanic
Queen Anne's,2017,,Hispanic
Saint Mary's,2017,1506,Hispanic
Somerset,2017,,Hispanic
Talbot,2017,,Hispanic
Washington,2017,4036,Hispanic
Wicomico,2017,1576,Hispanic
Worcester,2017,,Hispanic
State,2017,4077,White Non-Hispanic
Allegany,2017,3555,White Non-Hispanic
Anne Arundel,2017,5654,White Non-Hispanic
Baltimore City,2017,8331,White Non-Hispanic
Baltimore County,2017,4232,White Non-Hispanic
Calvert,2017,3072,White Non-Hispanic
Caroline,2017,7482,White Non-Hispanic
Carroll,2017,4204,White Non-Hispanic
Cecil,2017,9295,White Non-Hispanic
Charles,2017,3294,White Non-Hispanic
Dorchester,2017,8927,White Non-Hispanic
Frederick,2017,2934,White Non-Hispanic
Garrett,2017,8056,White Non-Hispanic
Harford,2017,2913,White Non-Hispanic
Howard,2017,3092,White Non-Hispanic
Kent,2017,12417,White Non-Hispanic
Montgomery,2017,2040,White Non-Hispanic
Prince George's,2017,1686,White Non-Hispanic
Queen Anne's,2017,5937,White Non-Hispanic
Saint Mary's,2017,6067,White Non-Hispanic
Somerset,2017,3071,White Non-Hispanic
Talbot,2017,7014,White Non-Hispanic
Washington,2017,5338,White Non-Hispanic
Wicomico,2017,2632,White Non-Hispanic
Worcester,2017,3575,White Non-Hispanic
State,2017,464,Asian/ Pacific Islander Non-Hispanic
Allegany,2017,,Asian/ Pacific Islander Non-Hispanic
Anne Arundel,2017,1096,Asian/ Pacific Islander Non-Hispanic
Baltimore City,2017,1173,Asian/ Pacific Islander Non-Hispanic
Baltimore County,2017,463,Asian/ Pacific Islander Non-Hispanic
Calvert,2017,,Asian/ Pacific Islander Non-Hispanic
Caroline,2017,,Asian/ Pacific Islander Non-Hispanic
Carroll,2017,,Asian/ Pacific Islander Non-Hispanic
Cecil,2017,,Asian/ Pacific Islander Non-Hispanic
Charles,2017,,Asian/ Pacific Islander Non-Hispanic
Dorchester,2017,,Asian/ Pacific Islander Non-Hispanic
Frederick,2017,477,Asian/ Pacific Islander Non-Hispanic
Garrett,2017,,Asian/ Pacific Islander Non-Hispanic
Calvert,2015,2392,Black
Harford,2017,799,Asian/ Pacific Islander Non-Hispanic
Howard,2017,,Asian/ Pacific Islander Non-Hispanic
Kent,2017,,Asian/ Pacific Islander Non-Hispanic
Montgomery,2017,463,Asian/ Pacific Islander Non-Hispanic
Prince George's,2017,340,Asian/ Pacific Islander Non-Hispanic
Queen Anne's,2017,,Asian/ Pacific Islander Non-Hispanic
Saint Mary's,2017,,Asian/ Pacific Islander Non-Hispanic
Somerset,2017,,Asian/ Pacific Islander Non-Hispanic
Talbot,2017,,Asian/ Pacific Islander Non-Hispanic
Washington,2017,,Asian/ Pacific Islander Non-Hispanic
Wicomico,2017,,Asian/ Pacific Islander Non-Hispanic
Worcester,2017,,Asian/ Pacific Islander Non-Hispanic
State,2016,3797,All races/ ethnicities (aggregated)
Allegany,2016,2529,All races/ ethnicities (aggregated)
Anne Arundel,2016,5026,All races/ ethnicities (aggregated)
Baltimore City,2016,8552,All races/ ethnicities (aggregated)
Baltimore County,2016,3654,All races/ ethnicities (aggregated)
Calvert,2016,3194,All races/ ethnicities (aggregated)
Caroline,2016,6652,All races/ ethnicities (aggregated)
Carroll,2016,4058,All races/ ethnicities (aggregated)
Cecil,2016,8684,All races/ ethnicities (aggregated)
Charles,2016,2835,All races/ ethnicities (aggregated)
Dorchester,2016,7981,All races/ ethnicities (aggregated)
Frederick,2016,2478,All races/ ethnicities (aggregated)
Garrett,2016,7324,All races/ ethnicities (aggregated)
Harford,2016,2644,All races/ ethnicities (aggregated)
Howard,2016,2709,All races/ ethnicities (aggregated)
Kent,2016,9833,All races/ ethnicities (aggregated)
Montgomery,2016,2279,All races/ ethnicities (aggregated)
Prince George's,2016,1862,All races/ ethnicities (aggregated)
Queen Anne's,2016,5294,All races/ ethnicities (aggregated)
Saint Mary's,2016,5804,All races/ ethnicities (aggregated)
Somerset,2016,3266,All races/ ethnicities (aggregated)
Talbot,2016,7029,All races/ ethnicities (aggregated)
Washington,2016,3511,All races/ ethnicities (aggregated)
Wicomico,2016,2864,All races/ ethnicities (aggregated)
Worcester,2016,3657,All races/ ethnicities (aggregated)
State,2016,4220,Black Non-Hispanic
Allegany,2016,1258,Black Non-Hispanic
Anne Arundel,2016,5350,Black Non-Hispanic
Baltimore City,2016,9237,Black Non-Hispanic
Baltimore County,2016,3663,Black Non-Hispanic
Calvert,2016,3023,Black Non-Hispanic
Caroline,2016,6085,Black Non-Hispanic
Carroll,2016,5048,Black Non-Hispanic
Cecil,2016,9807,Black Non-Hispanic
Charles,2016,2392,Black Non-Hispanic
Dorchester,2016,10114,Black Non-Hispanic
Frederick,2016,2857,Black Non-Hispanic
Garrett,2016,,Black Non-Hispanic
Harford,2016,3160,Black Non-Hispanic
Howard,2016,3533,Black Non-Hispanic
Kent,2016,13151,Black Non-Hispanic
Montgomery,2016,2718,Black Non-Hispanic
Prince George's,2016,1838,Black Non-Hispanic
Queen Anne's,2016,9397,Black Non-Hispanic
Saint Mary's,2016,6998,Black Non-Hispanic
Somerset,2016,2921,Black Non-Hispanic
Talbot,2016,10277,Black Non-Hispanic
Washington,2016,3092,Black Non-Hispanic
Wicomico,2016,3233,Black Non-Hispanic
Worcester,2016,3170,Black Non-Hispanic
State,2016,1461,Hispanic
Allegany,2016,,Hispanic
Anne Arundel,2016,2541,Hispanic
Baltimore City,2016,2753,Hispanic
Baltimore County,2016,1554,Hispanic
Calvert,2016,,Hispanic
Caroline,2016,,Hispanic
Carroll,2016,1572,Hispanic
Cecil,2016,3397,Hispanic
Charles,2016,1073,Hispanic
Dorchester,2016,,Hispanic
Frederick,2016,1299,Hispanic
Garrett,2016,,Hispanic
Harford,2016,1521,Hispanic
Howard,2016,1837,Hispanic
Kent,2016,,Hispanic
Montgomery,2016,1521,Hispanic
Prince George's,2016,771,Hispanic
Queen Anne's,2016,,Hispanic
Saint Mary's,2016,1182,Hispanic
Somerset,2016,,Hispanic
Talbot,2016,,Hispanic
Washington,2016,1774,Hispanic
Wicomico,2016,2948,Hispanic
Worcester,2016,,Hispanic
State,2016,3679,White Non-Hispanic
Allegany,2016,2697,White Non-Hispanic
Anne Arundel,2016,5018,White Non-Hispanic
Baltimore City,2016,7558,White Non-Hispanic
Baltimore County,2016,3813,White Non-Hispanic
Calvert,2016,3261,White Non-Hispanic
Caroline,2016,6671,White Non-Hispanic
Carroll,2016,4030,White Non-Hispanic
Cecil,2016,8564,White Non-Hispanic
Charles,2016,3318,White Non-Hispanic
Dorchester,2016,6687,White Non-Hispanic
Frederick,2016,2385,White Non-Hispanic
Garrett,2016,7360,White Non-Hispanic
Harford,2016,2532,White Non-Hispanic
Howard,2016,2752,White Non-Hispanic
Kent,2016,8983,White Non-Hispanic
Montgomery,2016,2088,White Non-Hispanic
Prince George's,2016,1695,White Non-Hispanic
Queen Anne's,2016,4972,White Non-Hispanic
Saint Mary's,2016,5645,White Non-Hispanic
Somerset,2016,3521,White Non-Hispanic
Talbot,2016,6521,White Non-Hispanic
Washington,2016,3487,White Non-Hispanic
Wicomico,2016,2670,White Non-Hispanic
Worcester,2016,3766,White Non-Hispanic
State,2016,588,Asian/ Pacific Islander Non-Hispanic
Allegany,2016,,Asian/ Pacific Islander Non-Hispanic
Anne Arundel,2016,1025,Asian/ Pacific Islander Non-Hispanic
Baltimore City,2016,1873,Asian/ Pacific Islander Non-Hispanic
Baltimore County,2016,671,Asian/ Pacific Islander Non-Hispanic
Calvert,2016,,Asian/ Pacific Islander Non-Hispanic
Caroline,2016,,Asian/ Pacific Islander Non-Hispanic
Carroll,2016,,Asian/ Pacific Islander Non-Hispanic
Cecil,2016,,Asian/ Pacific Islander Non-Hispanic
Charles,2016,,Asian/ Pacific Islander Non-Hispanic
Dorchester,2016,,Asian/ Pacific Islander Non-Hispanic
Frederick,2016,468,Asian/ Pacific Islander Non-Hispanic
Garrett,2016,,Asian/ Pacific Islander Non-Hispanic
Harford,2016,,Asian/ Pacific Islander Non-Hispanic
Howard,2016,100,Asian/ Pacific Islander Non-Hispanic
Kent,2016,,Asian/ Pacific Islander Non-Hispanic
Montgomery,2016,559,Asian/ Pacific Islander Non-Hispanic
Prince George's,2016,451,Asian/ Pacific Islander Non-Hispanic
Queen Anne's,2016,,Asian/ Pacific Islander Non-Hispanic
Saint Mary's,2016,2813,Asian/ Pacific Islander Non-Hispanic
Somerset,2016,,Asian/ Pacific Islander Non-Hispanic
Talbot,2016,,Asian/ Pacific Islander Non-Hispanic
Washington,2016,,Asian/ Pacific Islander Non-Hispanic
Wicomico,2016,,Asian/ Pacific Islander Non-Hispanic
Worcester,2016,,Asian/ Pacific Islander Non-Hispanic
State,2015,2909,All races/ ethnicities (aggregated)
Allegany,2015,3739,All races/ ethnicities (aggregated)
Anne Arundel,2015,3723,All races/ ethnicities (aggregated)
Baltimore City,2015,5895,All races/ ethnicities (aggregated)
Baltimore County,2015,2844,All races/ ethnicities (aggregated)
Calvert,2015,2669,All races/ ethnicities (aggregated)
Caroline,2015,3743,All races/ ethnicities (aggregated)
Carroll,2015,2950,All races/ ethnicities (aggregated)
Cecil,2015,5173,All races/ ethnicities (aggregated)
Charles,2015,1661,All races/ ethnicities (aggregated)
Dorchester,2015,6810,All races/ ethnicities (aggregated)
Frederick,2015,3416,All races/ ethnicities (aggregated)
Garrett,2015,6367,All races/ ethnicities (aggregated)
Harford,2015,2285,All races/ ethnicities (aggregated)
Howard,2015,2217,All races/ ethnicities (aggregated)
Kent,2015,4088,All races/ ethnicities (aggregated)
Montgomery,2015,1621,All races/ ethnicities (aggregated)
Prince George's,2015,1292,All races/ ethnicities (aggregated)
Queen Anne's,2015,3400,All races/ ethnicities (aggregated)
Saint Mary's,2015,4793,All races/ ethnicities (aggregated)
Somerset,2015,4036,All races/ ethnicities (aggregated)
Talbot,2015,3511,All races/ ethnicities (aggregated)
Washington,2015,3555,All races/ ethnicities (aggregated)
Wicomico,2015,3950,All races/ ethnicities (aggregated)
Worcester,2015,5681,All races/ ethnicities (aggregated)
State,2015,2908,Black
Allegany,2015,2374,Black
Anne Arundel,2015,3939,Black
Baltimore City,2015,5928,Black
Baltimore County,2015,2382,Black
Caroline,2015,3134,Black
Carroll,2015,3368,Black
Cecil,2015,6000,Black
Charles,2015,1436,Black
Dorchester,2015,7908,Black
Frederick,2015,3902,Black
Garrett,2015,,Black
Harford,2015,2419,Black
Howard,2015,2825,Black
Kent,2015,5292,Black
Montgomery,2015,1918,Black
Prince George's,2015,1298,Black
Queen Anne's,2015,4327,Black
Saint Mary's,2015,5280,Black
Somerset,2015,3275,Black
Talbot,2015,4418,Black
Washington,2015,2823,Black
Wicomico,2015,4375,Black
Worcester,2015,5841,Black
State,2015,,Hispanic
Allegany,2015,,Hispanic
Anne Arundel,2015,,Hispanic
Baltimore City,2015,,Hispanic
Baltimore County,2015,,Hispanic
Calvert,2015,,Hispanic
Caroline,2015,,Hispanic
Carroll,2015,,Hispanic
Cecil,2015,,Hispanic
Charles,2015,,Hispanic
Dorchester,2015,,Hispanic
Frederick,2015,,Hispanic
Garrett,2015,,Hispanic
Harford,2015,,Hispanic
Howard,2015,,Hispanic
Kent,2015,,Hispanic
Montgomery,2015,,Hispanic
Prince George's,2015,,Hispanic
Queen Anne's,2015,,Hispanic
Saint Mary's,2015,,Hispanic
Somerset,2015,,Hispanic
Talbot,2015,,Hispanic
Washington,2015,,Hispanic
Wicomico,2015,,Hispanic
Worcester,2015,,Hispanic
State,2015,2860,White
Allegany,2015,3957,White
Anne Arundel,2015,3662,White
Baltimore City,2015,5075,White
Baltimore County,2015,2693,White
Calvert,2015,2736,White
Caroline,2015,3778,White
Carroll,2015,2940,White
Cecil,2015,5054,White
Charles,2015,1888,White
Dorchester,2015,5934,White
Frederick,2015,3315,White
Garrett,2015,6340,White
Harford,2015,2174,White
Howard,2015,2276,White
Kent,2015,3722,White
Montgomery,2015,1518,White
Prince George's,2015,1135,White
Queen Anne's,2015,3311,White
Saint Mary's,2015,4770,White
Somerset,2015,4793,White
Talbot,2015,3271,White
Washington,2015,3573,White
Wicomico,2015,3814,White
Worcester,2015,5733,White
State,2015,388,Asian/ Pacific Islander
Allegany,2015,,Asian/ Pacific Islander
Anne Arundel,2015,716,Asian/ Pacific Islander
Baltimore City,2015,1133,Asian/ Pacific Islander
Baltimore County,2015,491,Asian/ Pacific Islander
Calvert,2015,,Asian/ Pacific Islander
Caroline,2015,,Asian/ Pacific Islander
Carroll,2015,,Asian/ Pacific Islander
Cecil,2015,,Asian/ Pacific Islander
Charles,2015,,Asian/ Pacific Islander
Dorchester,2015,,Asian/ Pacific Islander
Frederick,2015,464,Asian/ Pacific Islander
Garrett,2015,,Asian/ Pacific Islander
Harford,2015,,Asian/ Pacific Islander
Howard,2015,,Asian/ Pacific Islander
Kent,2015,,Asian/ Pacific Islander
Montgomery,2015,361,Asian/ Pacific Islander
Prince George's,2015,250,Asian/ Pacific Islander
Queen Anne's,2015,,Asian/ Pacific Islander
Saint Mary's,2015,,Asian/ Pacific Islander
Somerset,2015,,Asian/ Pacific Islander
Talbot,2015,,Asian/ Pacific Islander
Washington,2015,,Asian/ Pacific Islander
Wicomico,2015,,Asian/ Pacific Islander
Worcester,2015,,Asian/ Pacific Islander
State,2014,3443,All races/ ethnicities (aggregated)
Allegany,2014,4723,All races/ ethnicities (aggregated)
Anne Arundel,2014,4510,All races/ ethnicities (aggregated)
Baltimore City,2014,6782,All races/ ethnicities (aggregated)
Baltimore County,2014,2968,All races/ ethnicities (aggregated)
Calvert,2014,2859,All races/ ethnicities (aggregated)
Caroline,2014,4370,All races/ ethnicities (aggregated)
Carroll,2014,3141,All races/ ethnicities (aggregated)
Cecil,2014,5502,All races/ ethnicities (aggregated)
Charles,2014,2347,All races/ ethnicities (aggregated)
Dorchester,2014,8551,All races/ ethnicities (aggregated)
Frederick,2014,3892,All races/ ethnicities (aggregated)
Garrett,2014,7826,All races/ ethnicities (aggregated)
Harford,2014,2853,All races/ ethnicities (aggregated)
Howard,2014,2614,All races/ ethnicities (aggregated)
Kent,2014,3590,All races/ ethnicities (aggregated)
Montgomery,2014,1792,All races/ ethnicities (aggregated)
Prince George's,2014,1539,All races/ ethnicities (aggregated)
Queen Anne's,2014,3435,All races/ ethnicities (aggregated)
Saint Mary's,2014,7007,All races/ ethnicities (aggregated)
Somerset,2014,5665,All races/ ethnicities (aggregated)
Talbot,2014,4444,All races/ ethnicities (aggregated)
Washington,2014,5785,All races/ ethnicities (aggregated)
Wicomico,2014,6208,All races/ ethnicities (aggregated)
Worcester,2014,7509,All races/ ethnicities (aggregated)
State,2014,2914,Black Non-Hispanic
Allegany,2014,2876,Black Non-Hispanic
Anne Arundel,2014,4505,Black Non-Hispanic
Baltimore City,2014,4955,Black Non-Hispanic
Baltimore County,2014,1725,Black Non-Hispanic
Calvert,2014,2788,Black Non-Hispanic
Caroline,2014,3487,Black Non-Hispanic
Carroll,2014,3107,Black Non-Hispanic
Cecil,2014,5536,Black Non-Hispanic
Charles,2014,1207,Black Non-Hispanic
Dorchester,2014,9871,Black Non-Hispanic
Frederick,2014,4729,Black Non-Hispanic
Garrett,2014,,Black Non-Hispanic
Harford,2014,2909,Black Non-Hispanic
Howard,2014,3223,Black Non-Hispanic
Kent,2014,4715,Black Non-Hispanic
Montgomery,2014,2214,Black Non-Hispanic
Prince George's,2014,1592,Black Non-Hispanic
Queen Anne's,2014,4052,Black Non-Hispanic
Saint Mary's,2014,8086,Black Non-Hispanic
Somerset,2014,3125,Black Non-Hispanic
Talbot,2014,5972,Black Non-Hispanic
Washington,2014,4849,Black Non-Hispanic
Wicomico,2014,7422,Black Non-Hispanic
Worcester,2014,7001,Black Non-Hispanic
State,2014,1094,Hispanic
Allegany,2014,,Hispanic
Anne Arundel,2014,2048,Hispanic
Baltimore City,2014,1301,Hispanic
Baltimore County,2014,722,Hispanic
Calvert,2014,,Hispanic
Caroline,2014,,Hispanic
Carroll,2014,1509,Hispanic
Cecil,2014,1937,Hispanic
Charles,2014,,Hispanic
Dorchester,2014,3507,Hispanic
Frederick,2014,1903,Hispanic
Garrett,2014,,Hispanic
Harford,2014,1655,Hispanic
Howard,2014,1784,Hispanic
Kent,2014,,Hispanic
Montgomery,2014,907,Hispanic
Prince George's,2014,601,Hispanic
Queen Anne's,2014,,Hispanic
Saint Mary's,2014,2809,Hispanic
Somerset,2014,,Hispanic
Talbot,2014,,Hispanic
Washington,2014,3644,Hispanic
Wicomico,2014,4374,Hispanic
Worcester,2014,,Hispanic
State,2014,3373,White Non-Hispanic
Allegany,2014,4851,White Non-Hispanic
Anne Arundel,2014,4451,White Non-Hispanic
Baltimore City,2014,3983,White Non-Hispanic
Baltimore County,2014,1670,White Non-Hispanic
Calvert,2014,2942,White Non-Hispanic
Caroline,2014,4731,White Non-Hispanic
Carroll,2014,3114,White Non-Hispanic
Cecil,2014,5657,White Non-Hispanic
Charles,2014,1844,White Non-Hispanic
Dorchester,2014,8180,White Non-Hispanic
Frederick,2014,4052,White Non-Hispanic
Garrett,2014,7749,White Non-Hispanic
Harford,2014,2662,White Non-Hispanic
Howard,2014,2743,White Non-Hispanic
Kent,2014,3515,White Non-Hispanic
Montgomery,2014,1876,White Non-Hispanic
Prince George's,2014,2382,White Non-Hispanic
Queen Anne's,2014,3450,White Non-Hispanic
Saint Mary's,2014,7087,White Non-Hispanic
Somerset,2014,4116,White Non-Hispanic
Talbot,2014,4511,White Non-Hispanic
Washington,2014,5947,White Non-Hispanic
Wicomico,2014,5884,White Non-Hispanic
Worcester,2014,7858,White Non-Hispanic
State,2014,324,Asian/ Pacific Islander Non-Hispanic
Allegany,2014,,Asian/ Pacific Islander Non-Hispanic
Anne Arundel,2014,787,Asian/ Pacific Islander Non-Hispanic
Baltimore City,2014,462,Asian/ Pacific Islander Non-Hispanic
Baltimore County,2014,157,Asian/ Pacific Islander Non-Hispanic
Calvert,2014,,Asian/ Pacific Islander Non-Hispanic
Caroline,2014,,Asian/ Pacific Islander Non-Hispanic
Carroll,2014,,Asian/ Pacific Islander Non-Hispanic
Cecil,2014,,Asian/ Pacific Islander Non-Hispanic
Charles,2014,,Asian/ Pacific Islander Non-Hispanic
Dorchester,2014,,Asian/ Pacific Islander Non-Hispanic
Frederick,2014,923,Asian/ Pacific Islander Non-Hispanic
Garrett,2014,,Asian/ Pacific Islander Non-Hispanic
Harford,2014,,Asian/ Pacific Islander Non-Hispanic
Howard,2014,,Asian/ Pacific Islander Non-Hispanic
Kent,2014,,Asian/ Pacific Islander Non-Hispanic
Montgomery,2014,356,Asian/ Pacific Islander Non-Hispanic
Prince George's,2014,191,Asian/ Pacific Islander Non-Hispanic
Queen Anne's,2014,,Asian/ Pacific Islander Non-Hispanic
Saint Mary's,2014,,Asian/ Pacific Islander Non-Hispanic
Somerset,2014,,Asian/ Pacific Islander Non-Hispanic
Talbot,2014,,Asian/ Pacific Islander Non-Hispanic
Washington,2014,,Asian/ Pacific Islander Non-Hispanic
Wicomico,2014,,Asian/ Pacific Islander Non-Hispanic
Worcester,2014,,Asian/ Pacific Islander Non-Hispanic
State,2013,3319,All races/ ethnicities (aggregated)
Allegany,2013,4318,All races/ ethnicities (aggregated)
Anne Arundel,2013,3829,All races/ ethnicities (aggregated)
Baltimore City,2013,6302,All races/ ethnicities (aggregated)
Baltimore County,2013,2883,All races/ ethnicities (aggregated)
Calvert,2013,2478,All races/ ethnicities (aggregated)
Caroline,2013,4485,All races/ ethnicities (aggregated)
Carroll,2013,3369,All races/ ethnicities (aggregated)
Cecil,2013,8902,All races/ ethnicities (aggregated)
Charles,2013,3033,All races/ ethnicities (aggregated)
Dorchester,2013,8571,All races/ ethnicities (aggregated)
Frederick,2013,3789,All races/ ethnicities (aggregated)
Garrett,2013,6910,All races/ ethnicities (aggregated)
Harford,2013,3004,All races/ ethnicities (aggregated)
Howard,2013,2222,All races/ ethnicities (aggregated)
Kent,2013,3420,All races/ ethnicities (aggregated)
Montgomery,2013,1528,All races/ ethnicities (aggregated)
Prince George's,2013,1380,All races/ ethnicities (aggregated)
Queen Anne's,2013,2986,All races/ ethnicities (aggregated)
Saint Mary's,2013,6790,All races/ ethnicities (aggregated)
Somerset,2013,5009,All races/ ethnicities (aggregated)
Talbot,2013,4151,All races/ ethnicities (aggregated)
Washington,2013,7168,All races/ ethnicities (aggregated)
Wicomico,2013,6164,All races/ ethnicities (aggregated)
Worcester,2013,6659,All races/ ethnicities (aggregated)
State,2013,2966,Black Non-Hispanic
Allegany,2013,2355,Black Non-Hispanic
Anne Arundel,2013,3557,Black Non-Hispanic
Baltimore City,2013,5589,Black Non-Hispanic
Baltimore County,2013,2347,Black Non-Hispanic
Calvert,2013,2338,Black Non-Hispanic
Caroline,2013,3251,Black Non-Hispanic
Carroll,2013,4088,Black Non-Hispanic
Cecil,2013,8479,Black Non-Hispanic
Charles,2013,2140,Black Non-Hispanic
Dorchester,2013,10833,Black Non-Hispanic
Frederick,2013,4611,Black Non-Hispanic
Garrett,2013,,Black Non-Hispanic
Harford,2013,1738,Black Non-Hispanic
Howard,2013,2684,Black Non-Hispanic
Kent,2013,4016,Black Non-Hispanic
Montgomery,2013,1772,Black Non-Hispanic
Prince George's,2013,1401,Black Non-Hispanic
Queen Anne's,2013,3180,Black Non-Hispanic
Saint Mary's,2013,7443,Black Non-Hispanic
Somerset,2013,2408,Black Non-Hispanic
Talbot,2013,5179,Black Non-Hispanic
Washington,2013,5772,Black Non-Hispanic
Wicomico,2013,6860,Black Non-Hispanic
Worcester,2013,5646,Black Non-Hispanic
State,2013,1073,Hispanic
Allegany,2013,,Hispanic
Anne Arundel,2013,1462,Hispanic
Baltimore City,2013,1314,Hispanic
Baltimore County,2013,887,Hispanic
Calvert,2013,,Hispanic
Caroline,2013,,Hispanic
Carroll,2013,,Hispanic
Cecil,2013,2954,Hispanic
Charles,2013,678,Hispanic
Dorchester,2013,,Hispanic
Frederick,2013,1594,Hispanic
Garrett,2013,,Hispanic
Harford,2013,746,Hispanic
Howard,2013,1336,Hispanic
Kent,2013,,Hispanic
Montgomery,2013,666,Hispanic
Prince George's,2013,543,Hispanic
Queen Anne's,2013,,Hispanic
Saint Mary's,2013,2063,Hispanic
Somerset,2013,,Hispanic
Talbot,2013,,Hispanic
Washington,2013,2543,Hispanic
Wicomico,2013,4518,Hispanic
Worcester,2013,,Hispanic
State,2013,3463,White Non-Hispanic
Allegany,2013,4561,White Non-Hispanic
Anne Arundel,2013,3870,White Non-Hispanic
Baltimore City,2013,5107,White Non-Hispanic
Baltimore County,2013,2417,White Non-Hispanic
Calvert,2013,2580,White Non-Hispanic
Caroline,2013,4860,White Non-Hispanic
Carroll,2013,3383,White Non-Hispanic
Cecil,2013,8872,White Non-Hispanic
Charles,2013,3147,White Non-Hispanic
Dorchester,2013,7904,White Non-Hispanic
Frederick,2013,3972,White Non-Hispanic
Garrett,2013,4322,White Non-Hispanic
Harford,2013,1714,White Non-Hispanic
Howard,2013,2431,White Non-Hispanic
Kent,2013,3453,White Non-Hispanic
Montgomery,2013,1542,White Non-Hispanic
Prince George's,2013,2097,White Non-Hispanic
Queen Anne's,2013,2959,White Non-Hispanic
Saint Mary's,2013,6999,White Non-Hispanic
Somerset,2013,3863,White Non-Hispanic
Talbot,2013,4306,White Non-Hispanic
Washington,2013,7455,White Non-Hispanic
Wicomico,2013,6289,White Non-Hispanic
Worcester,2013,7166,White Non-Hispanic
State,2013,353,Asian/ Pacific Islander Non-Hispanic
Allegany,2013,,Asian/ Pacific Islander Non-Hispanic
Anne Arundel,2013,814,Asian/ Pacific Islander Non-Hispanic
Baltimore City,2013,489,Asian/ Pacific Islander Non-Hispanic
Baltimore County,2013,211,Asian/ Pacific Islander Non-Hispanic
Calvert,2013,,Asian/ Pacific Islander Non-Hispanic
Caroline,2013,,Asian/ Pacific Islander Non-Hispanic
Carroll,2013,,Asian/ Pacific Islander Non-Hispanic
Cecil,2013,,Asian/ Pacific Islander Non-Hispanic
Charles,2013,,Asian/ Pacific Islander Non-Hispanic
Dorchester,2013,,Asian/ Pacific Islander Non-Hispanic
Frederick,2013,621,Asian/ Pacific Islander Non-Hispanic
Garrett,2013,,Asian/ Pacific Islander Non-Hispanic
Harford,2013,,Asian/ Pacific Islander Non-Hispanic
Howard,2013,237,Asian/ Pacific Islander Non-Hispanic
Kent,2013,,Asian/ Pacific Islander Non-Hispanic
Montgomery,2013,379,Asian/ Pacific Islander Non-Hispanic
Prince George's,2013,239,Asian/ Pacific Islander Non-Hispanic
Queen Anne's,2013,,Asian/ Pacific Islander Non-Hispanic
Saint Mary's,2013,,Asian/ Pacific Islander Non-Hispanic
Somerset,2013,,Asian/ Pacific Islander Non-Hispanic
Talbot,2013,,Asian/ Pacific Islander Non-Hispanic
Washington,2013,,Asian/ Pacific Islander Non-Hispanic
Wicomico,2013,,Asian/ Pacific Islander Non-Hispanic
Worcester,2013,,Asian/ Pacific Islander Non-Hispanic
State,2012,3501,All races/ ethnicities (aggregated)
Allegany,2012,3108,All races/ ethnicities (aggregated)
Cecil,2012,3773,Hispanic
Anne Arundel,2012,3803,All races/ ethnicities (aggregated)
Baltimore City,2012,6324,All races/ ethnicities (aggregated)
Baltimore County,2012,3665,All races/ ethnicities (aggregated)
Calvert,2012,2502,All races/ ethnicities (aggregated)
Caroline,2012,4588,All races/ ethnicities (aggregated)
Carroll,2012,3088,All races/ ethnicities (aggregated)
Cecil,2012,10571,All races/ ethnicities (aggregated)
Charles,2012,2587,All races/ ethnicities (aggregated)
Dorchester,2012,10089,All races/ ethnicities (aggregated)
Frederick,2012,5283,All races/ ethnicities (aggregated)
Garrett,2012,3106,All races/ ethnicities (aggregated)
Harford,2012,4625,All races/ ethnicities (aggregated)
Howard,2012,2266,All races/ ethnicities (aggregated)
Kent,2012,3335,All races/ ethnicities (aggregated)
Montgomery,2012,1339,All races/ ethnicities (aggregated)
Prince George's,2012,1315,All races/ ethnicities (aggregated)
Queen Anne's,2012,3280,All races/ ethnicities (aggregated)
Saint Mary's,2012,6162,All races/ ethnicities (aggregated)
Somerset,2012,5009,All races/ ethnicities (aggregated)
Talbot,2012,4918,All races/ ethnicities (aggregated)
Washington,2012,7472,All races/ ethnicities (aggregated)
Wicomico,2012,6130,All races/ ethnicities (aggregated)
Worcester,2012,6446,All races/ ethnicities (aggregated)
State,2012,3106,Black Non-Hispanic
Allegany,2012,1758,Black Non-Hispanic
Anne Arundel,2012,2509,Black Non-Hispanic
Baltimore City,2012,6395,Black Non-Hispanic
Baltimore County,2012,3314,Black Non-Hispanic
Calvert,2012,2187,Black Non-Hispanic
Caroline,2012,3529,Black Non-Hispanic
Carroll,2012,3546,Black Non-Hispanic
Cecil,2012,8524,Black Non-Hispanic
Charles,2012,1419,Black Non-Hispanic
Dorchester,2012,11589,Black Non-Hispanic
Frederick,2012,7232,Black Non-Hispanic
Garrett,2012,,Black Non-Hispanic
Harford,2012,942,Black Non-Hispanic
Howard,2012,2733,Black Non-Hispanic
Kent,2012,3539,Black Non-Hispanic
Montgomery,2012,1256,Black Non-Hispanic
Prince George's,2012,1271,Black Non-Hispanic
Queen Anne's,2012,3451,Black Non-Hispanic
Saint Mary's,2012,6426,Black Non-Hispanic
Somerset,2012,2434,Black Non-Hispanic
Talbot,2012,4813,Black Non-Hispanic
Washington,2012,5676,Black Non-Hispanic
Wicomico,2012,6774,Black Non-Hispanic
Worcester,2012,5145,Black Non-Hispanic
State,2012,1147,Hispanic
Allegany,2012,,Hispanic
Anne Arundel,2012,731,Hispanic
Baltimore City,2012,1538,Hispanic
Baltimore County,2012,907,Hispanic
Calvert,2012,,Hispanic
Caroline,2012,32180,Hispanic
Carroll,2012,,Hispanic
Charles,2012,,Hispanic
Dorchester,2012,41803,Hispanic
Frederick,2012,1700,Hispanic
Garrett,2012,,Hispanic
Harford,2012,,Hispanic
Howard,2012,1106,Hispanic
Kent,2012,,Hispanic
Montgomery,2012,572,Hispanic
Prince George's,2012,586,Hispanic
Queen Anne's,2012,16999,Hispanic
Saint Mary's,2012,1805,Hispanic
Somerset,2012,,Hispanic
Talbot,2012,24358,Hispanic
Washington,2012,2836,Hispanic
Wicomico,2012,4371,Hispanic
Worcester,2012,,Hispanic
State,2012,3547,White Non-Hispanic
Allegany,2012,3388,White Non-Hispanic
Anne Arundel,2012,2728,White Non-Hispanic
Baltimore City,2012,6969,White Non-Hispanic
Baltimore County,2012,4189,White Non-Hispanic
Calvert,2012,2301,White Non-Hispanic
Caroline,2012,3434,White Non-Hispanic
Carroll,2012,3141,White Non-Hispanic
Cecil,2012,9675,White Non-Hispanic
Charles,2012,1954,White Non-Hispanic
Dorchester,2012,6971,White Non-Hispanic
Frederick,2012,5519,White Non-Hispanic
Garrett,2012,3151,White Non-Hispanic
Harford,2012,811,White Non-Hispanic
Howard,2012,2565,White Non-Hispanic
Kent,2012,2428,White Non-Hispanic
Montgomery,2012,1076,White Non-Hispanic
Prince George's,2012,1646,White Non-Hispanic
Queen Anne's,2012,1707,White Non-Hispanic
Saint Mary's,2012,6355,White Non-Hispanic
Somerset,2012,3886,White Non-Hispanic
Talbot,2012,3830,White Non-Hispanic
Washington,2012,7889,White Non-Hispanic
Wicomico,2012,6202,White Non-Hispanic
Worcester,2012,6920,White Non-Hispanic
State,2012,291,Asian/ Pacific Islander Non-Hispanic
Allegany,2012,,Asian/ Pacific Islander Non-Hispanic
Anne Arundel,2012,392,Asian/ Pacific Islander Non-Hispanic
Baltimore City,2012,478,Asian/ Pacific Islander Non-Hispanic
Baltimore County,2012,223,Asian/ Pacific Islander Non-Hispanic
Calvert,2012,,Asian/ Pacific Islander Non-Hispanic
Caroline,2012,,Asian/ Pacific Islander Non-Hispanic
Carroll,2012,,Asian/ Pacific Islander Non-Hispanic
Cecil,2012,,Asian/ Pacific Islander Non-Hispanic
Charles,2012,,Asian/ Pacific Islander Non-Hispanic
Dorchester,2012,,Asian/ Pacific Islander Non-Hispanic
Frederick,2012,736,Asian/ Pacific Islander Non-Hispanic
Garrett,2012,,Asian/ Pacific Islander Non-Hispanic
Harford,2012,,Asian/ Pacific Islander Non-Hispanic
Howard,2012,522,Asian/ Pacific Islander Non-Hispanic
Kent,2012,,Asian/ Pacific Islander Non-Hispanic
Montgomery,2012,227,Asian/ Pacific Islander Non-Hispanic
Prince George's,2012,186,Asian/ Pacific Islander Non-Hispanic
Queen Anne's,2012,,Asian/ Pacific Islander Non-Hispanic
Saint Mary's,2012,,Asian/ Pacific Islander Non-Hispanic
Somerset,2012,,Asian/ Pacific Islander Non-Hispanic
Talbot,2012,,Asian/ Pacific Islander Non-Hispanic
Washington,2012,,Asian/ Pacific Islander Non-Hispanic
Wicomico,2012,,Asian/ Pacific Islander Non-Hispanic
Worcester,2012,,Asian/ Pacific Islander Non-Hispanic
State,2011,3211,All races/ ethnicities (aggregated)
Allegany,2011,2798,All races/ ethnicities (aggregated)
Anne Arundel,2011,3530,All races/ ethnicities (aggregated)
Baltimore City,2011,5851,All races/ ethnicities (aggregated)
Baltimore County,2011,3413,All races/ ethnicities (aggregated)
Calvert,2011,2015,All races/ ethnicities (aggregated)
Caroline,2011,4581,All races/ ethnicities (aggregated)
Carroll,2011,3812,All races/ ethnicities (aggregated)
Cecil,2011,9975,All races/ ethnicities (aggregated)
Charles,2011,1846,All races/ ethnicities (aggregated)
Dorchester,2011,6763,All races/ ethnicities (aggregated)
Frederick,2011,3127,All races/ ethnicities (aggregated)
Garrett,2011,1525,All races/ ethnicities (aggregated)
Harford,2011,4258,All races/ ethnicities (aggregated)
Howard,2011,2249,All races/ ethnicities (aggregated)
Kent,2011,3327,All races/ ethnicities (aggregated)
Montgomery,2011,1291,All races/ ethnicities (aggregated)
Prince George's,2011,1304,All races/ ethnicities (aggregated)
Queen Anne's,2011,2990,All races/ ethnicities (aggregated)
Saint Mary's,2011,5916,All races/ ethnicities (aggregated)
Somerset,2011,4605,All races/ ethnicities (aggregated)
Talbot,2011,4699,All races/ ethnicities (aggregated)
Washington,2011,7318,All races/ ethnicities (aggregated)
Wicomico,2011,5570,All races/ ethnicities (aggregated)
Worcester,2011,6133,All races/ ethnicities (aggregated)
State,2011,2820,Black Non-Hispanic
Allegany,2011,1725,Black Non-Hispanic
Anne Arundel,2011,2351,Black Non-Hispanic
Baltimore City,2011,5913,Black Non-Hispanic
Baltimore County,2011,2984,Black Non-Hispanic
Calvert,2011,1787,Black Non-Hispanic
Caroline,2011,4604,Black Non-Hispanic
Carroll,2011,3676,Black Non-Hispanic
Cecil,2011,8779,Black Non-Hispanic
Charles,2011,1020,Black Non-Hispanic
Dorchester,2011,8599,Black Non-Hispanic
Frederick,2011,3804,Black Non-Hispanic
Garrett,2011,,Black Non-Hispanic
Harford,2011,2505,Black Non-Hispanic
Howard,2011,2641,Black Non-Hispanic
Kent,2011,4166,Black Non-Hispanic
Montgomery,2011,1259,Black Non-Hispanic
Prince George's,2011,1042,Black Non-Hispanic
Queen Anne's,2011,3992,Black Non-Hispanic
Saint Mary's,2011,5964,Black Non-Hispanic
Somerset,2011,2093,Black Non-Hispanic
Talbot,2011,5454,Black Non-Hispanic
Washington,2011,5335,Black Non-Hispanic
Wicomico,2011,6080,Black Non-Hispanic
Worcester,2011,5552,Black Non-Hispanic
State,2011,740,Hispanic
Allegany,2011,,Hispanic
Anne Arundel,2011,731,Hispanic
Baltimore City,2011,1109,Hispanic
Baltimore County,2011,779,Hispanic
Calvert,2011,,Hispanic
Caroline,2011,,Hispanic
Carroll,2011,,Hispanic
Cecil,2011,3166,Hispanic
Charles,2011,,Hispanic
Dorchester,2011,,Hispanic
Frederick,2011,1026,Hispanic
Garrett,2011,,Hispanic
Harford,2011,901,Hispanic
Howard,2011,1240,Hispanic
Kent,2011,,Hispanic
Montgomery,2011,670,Hispanic
Prince George's,2011,475,Hispanic
Queen Anne's,2011,,Hispanic
Saint Mary's,2011,2410,Hispanic
Somerset,2011,,Hispanic
Talbot,2011,,Hispanic
Washington,2011,3159,Hispanic
Wicomico,2011,1333,Hispanic
Worcester,2011,,Hispanic
State,2011,3473,White Non-Hispanic
Allegany,2011,3061,White Non-Hispanic
Anne Arundel,2011,2712,White Non-Hispanic
Baltimore City,2011,6680,White Non-Hispanic
Baltimore County,2011,3975,White Non-Hispanic
Calvert,2011,1798,White Non-Hispanic
Caroline,2011,4791,White Non-Hispanic
Carroll,2011,3938,White Non-Hispanic
Cecil,2011,9829,White Non-Hispanic
Charles,2011,1328,White Non-Hispanic
Dorchester,2011,6109,White Non-Hispanic
Frederick,2011,3296,White Non-Hispanic
Garrett,2011,1542,White Non-Hispanic
Harford,2011,2857,White Non-Hispanic
Howard,2011,2577,White Non-Hispanic
Kent,2011,3214,White Non-Hispanic
Montgomery,2011,1045,White Non-Hispanic
Prince George's,2011,1574,White Non-Hispanic
Queen Anne's,2011,2244,White Non-Hispanic
Saint Mary's,2011,6119,White Non-Hispanic
Somerset,2011,3570,White Non-Hispanic
Talbot,2011,4932,White Non-Hispanic
Washington,2011,7634,White Non-Hispanic
Wicomico,2011,5784,White Non-Hispanic
Worcester,2011,6450,White Non-Hispanic
State,2011,299,Asian/ Pacific Islander Non-Hispanic
Allegany,2011,,Asian/ Pacific Islander Non-Hispanic
Anne Arundel,2011,431,Asian/ Pacific Islander Non-Hispanic
Baltimore City,2011,487,Asian/ Pacific Islander Non-Hispanic
Baltimore County,2011,220,Asian/ Pacific Islander Non-Hispanic
Calvert,2011,,Asian/ Pacific Islander Non-Hispanic
Caroline,2011,,Asian/ Pacific Islander Non-Hispanic
Carroll,2011,,Asian/ Pacific Islander Non-Hispanic
Cecil,2011,,Asian/ Pacific Islander Non-Hispanic
Charles,2011,,Asian/ Pacific Islander Non-Hispanic
Dorchester,2011,,Asian/ Pacific Islander Non-Hispanic
Frederick,2011,588,Asian/ Pacific Islander Non-Hispanic
Garrett,2011,,Asian/ Pacific Islander Non-Hispanic
Harford,2011,,Asian/ Pacific Islander Non-Hispanic
Howard,2011,499,Asian/ Pacific Islander Non-Hispanic
Kent,2011,,Asian/ Pacific Islander Non-Hispanic
Montgomery,2011,261,Asian/ Pacific Islander Non-Hispanic
Prince George's,2011,147,Asian/ Pacific Islander Non-Hispanic
Queen Anne's,2011,,Asian/ Pacific Islander Non-Hispanic
Saint Mary's,2011,,Asian/ Pacific Islander Non-Hispanic
Somerset,2011,,Asian/ Pacific Islander Non-Hispanic
Talbot,2011,,Asian/ Pacific Islander Non-Hispanic
Washington,2011,,Asian/ Pacific Islander Non-Hispanic
Wicomico,2011,,Asian/ Pacific Islander Non-Hispanic
Worcester,2011,,Asian/ Pacific Islander Non-Hispanic
State,2010,2781,All races/ ethnicities (aggregated)
Allegany,2010,2321,All races/ ethnicities (aggregated)
Anne Arundel,2010,3398,All races/ ethnicities (aggregated)
Baltimore City,2010,5131,All races/ ethnicities (aggregated)
Baltimore County,2010,2959,All races/ ethnicities (aggregated)
Calvert,2010,1796,All races/ ethnicities (aggregated)
Caroline,2010,4223,All races/ ethnicities (aggregated)
Carroll,2010,2756,All races/ ethnicities (aggregated)
Cecil,2010,7086,All races/ ethnicities (aggregated)
Charles,2010,2561,All races/ ethnicities (aggregated)
Dorchester,2010,6871,All races/ ethnicities (aggregated)
Frederick,2010,1448,All races/ ethnicities (aggregated)
Garrett,2010,1764,All races/ ethnicities (aggregated)
Harford,2010,4083,All races/ ethnicities (aggregated)
Howard,2010,2068,All races/ ethnicities (aggregated)
Kent,2010,2786,All races/ ethnicities (aggregated)
Montgomery,2010,1111,All races/ ethnicities (aggregated)
Prince George's,2010,1206,All races/ ethnicities (aggregated)
Queen Anne's,2010,2160,All races/ ethnicities (aggregated)
Saint Mary's,2010,4817,All races/ ethnicities (aggregated)
Somerset,2010,4607,All races/ ethnicities (aggregated)
Talbot,2010,4301,All races/ ethnicities (aggregated)
Washington,2010,6731,All races/ ethnicities (aggregated)
Wicomico,2010,4663,All races/ ethnicities (aggregated)
Worcester,2010,3149,All races/ ethnicities (aggregated)
State,2010,2432,Black Non-Hispanic
Allegany,2010,1172,Black Non-Hispanic
Anne Arundel,2010,2206,Black Non-Hispanic
Baltimore City,2010,5012,Black Non-Hispanic
Baltimore County,2010,2466,Black Non-Hispanic
Calvert,2010,1481,Black Non-Hispanic
Caroline,2010,4022,Black Non-Hispanic
Carroll,2010,2982,Black Non-Hispanic
Cecil,2010,6144,Black Non-Hispanic
Charles,2010,788,Black Non-Hispanic
Dorchester,2010,8431,Black Non-Hispanic
Frederick,2010,1647,Black Non-Hispanic
Garrett,2010,,Black Non-Hispanic
Harford,2010,3082,Black Non-Hispanic
Howard,2010,2393,Black Non-Hispanic
Kent,2010,3666,Black Non-Hispanic
Montgomery,2010,1313,Black Non-Hispanic
Prince George's,2010,882,Black Non-Hispanic
Queen Anne's,2010,1831,Black Non-Hispanic
Saint Mary's,2010,5016,Black Non-Hispanic
Somerset,2010,1856,Black Non-Hispanic
Talbot,2010,5819,Black Non-Hispanic
Washington,2010,5386,Black Non-Hispanic
Wicomico,2010,5394,Black Non-Hispanic
Worcester,2010,2618,Black Non-Hispanic
State,2010,668,Hispanic
Allegany,2010,,Hispanic
Anne Arundel,2010,630,Hispanic
Baltimore City,2010,1052,Hispanic
Baltimore County,2010,844,Hispanic
Calvert,2010,,Hispanic
Caroline,2010,,Hispanic
Carroll,2010,,Hispanic
Cecil,2010,2182,Hispanic
Charles,2010,,Hispanic
Dorchester,2010,,Hispanic
Frederick,2010,611,Hispanic
Garrett,2010,,Hispanic
Harford,2010,1344,Hispanic
Howard,2010,1103,Hispanic
Kent,2010,,Hispanic
Montgomery,2010,608,Hispanic
Prince George's,2010,389,Hispanic
Queen Anne's,2010,,Hispanic
Saint Mary's,2010,2303,Hispanic
Somerset,2010,,Hispanic
Talbot,2010,,Hispanic
Washington,2010,3331,Hispanic
Wicomico,2010,1429,Hispanic
Worcester,2010,,Hispanic
State,2010,2965,White Non-Hispanic
Allegany,2010,2556,White Non-Hispanic
Anne Arundel,2010,2576,White Non-Hispanic
Baltimore City,2010,6283,White Non-Hispanic
Baltimore County,2010,3468,White Non-Hispanic
Calvert,2010,1600,White Non-Hispanic
Caroline,2010,4393,White Non-Hispanic
Carroll,2010,2816,White Non-Hispanic
Cecil,2010,7136,White Non-Hispanic
Charles,2010,1125,White Non-Hispanic
Dorchester,2010,6510,White Non-Hispanic
Frederick,2010,1511,White Non-Hispanic
Garrett,2010,1783,White Non-Hispanic
Harford,2010,3523,White Non-Hispanic
Howard,2010,2357,White Non-Hispanic
Kent,2010,2442,White Non-Hispanic
Montgomery,2010,968,White Non-Hispanic
Prince George's,2010,1246,White Non-Hispanic
Queen Anne's,2010,1148,White Non-Hispanic
Saint Mary's,2010,4755,White Non-Hispanic
Somerset,2010,3085,White Non-Hispanic
Talbot,2010,4298,White Non-Hispanic
Washington,2010,7052,White Non-Hispanic
Wicomico,2010,4601,White Non-Hispanic
Worcester,2010,2348,White Non-Hispanic
State,2010,262,Asian/ Pacific Islander Non-Hispanic
Allegany,2010,,Asian/ Pacific Islander Non-Hispanic
Anne Arundel,2010,329,Asian/ Pacific Islander Non-Hispanic
Baltimore City,2010,384,Asian/ Pacific Islander Non-Hispanic
Baltimore County,2010,208,Asian/ Pacific Islander Non-Hispanic
Calvert,2010,,Asian/ Pacific Islander Non-Hispanic
Caroline,2010,,Asian/ Pacific Islander Non-Hispanic
Carroll,2010,,Asian/ Pacific Islander Non-Hispanic
Cecil,2010,,Asian/ Pacific Islander Non-Hispanic
Charles,2010,,Asian/ Pacific Islander Non-Hispanic
Dorchester,2010,,Asian/ Pacific Islander Non-Hispanic
Frederick,2010,,Asian/ Pacific Islander Non-Hispanic
Garrett,2010,,Asian/ Pacific Islander Non-Hispanic
Harford,2010,,Asian/ Pacific Islander Non-Hispanic
Howard,2010,474,Asian/ Pacific Islander Non-Hispanic
Kent,2010,,Asian/ Pacific Islander Non-Hispanic
Montgomery,2010,224,Asian/ Pacific Islander Non-Hispanic
Prince George's,2010,129,Asian/ Pacific Islander Non-Hispanic
Queen Anne's,2010,,Asian/ Pacific Islander Non-Hispanic
Saint Mary's,2010,,Asian/ Pacific Islander Non-Hispanic
Somerset,2010,,Asian/ Pacific Islander Non-Hispanic
Talbot,2010,,Asian/ Pacific Islander Non-Hispanic
Washington,2010,,Asian/ Pacific Islander Non-Hispanic
Wicomico,2010,,Asian/ Pacific Islander Non-Hispanic
Worcester,2010,,Asian/ Pacific Islander Non-Hispanic
State,2009,2551,All races/ ethnicities (aggregated)
Allegany,2009,3523,All races/ ethnicities (aggregated)
Anne Arundel,2009,3405,All races/ ethnicities (aggregated)
Baltimore City,2009,4501,All races/ ethnicities (aggregated)
Baltimore County,2009,2982,All races/ ethnicities (aggregated)
Calvert,2009,1390,All races/ ethnicities (aggregated)
Caroline,2009,4340,All races/ ethnicities (aggregated)
Carroll,2009,1642,All races/ ethnicities (aggregated)
Cecil,2009,5808,All races/ ethnicities (aggregated)
Charles,2009,2482,All races/ ethnicities (aggregated)
Dorchester,2009,6724,All races/ ethnicities (aggregated)
Frederick,2009,1371,All races/ ethnicities (aggregated)
Garrett,2009,1865,All races/ ethnicities (aggregated)
Harford,2009,4312,All races/ ethnicities (aggregated)
Howard,2009,1890,All races/ ethnicities (aggregated)
Kent,2009,2887,All races/ ethnicities (aggregated)
Montgomery,2009,1051,All races/ ethnicities (aggregated)
Prince George's,2009,1111,All races/ ethnicities (aggregated)
Queen Anne's,2009,2420,All races/ ethnicities (aggregated)
Saint Mary's,2009,1826,All races/ ethnicities (aggregated)
Somerset,2009,4169,All races/ ethnicities (aggregated)
Talbot,2009,4893,All races/ ethnicities (aggregated)
Washington,2009,4969,All races/ ethnicities (aggregated)
Wicomico,2009,4208,All races/ ethnicities (aggregated)
Worcester,2009,2744,All races/ ethnicities (aggregated)
State,2009,2250,Black Non-Hispanic
Allegany,2009,2050,Black Non-Hispanic
Anne Arundel,2009,2600,Black Non-Hispanic
Baltimore City,2009,4370,Black Non-Hispanic
Baltimore County,2009,2631,Black Non-Hispanic
Calvert,2009,1139,Black Non-Hispanic
Caroline,2009,4531,Black Non-Hispanic
Carroll,2009,2025,Black Non-Hispanic
Cecil,2009,4347,Black Non-Hispanic
Charles,2009,1169,Black Non-Hispanic
Dorchester,2009,7903,Black Non-Hispanic
Frederick,2009,1574,Black Non-Hispanic
Garrett,2009,,Black Non-Hispanic
Harford,2009,3216,Black Non-Hispanic
Howard,2009,2337,Black Non-Hispanic
Kent,2009,3815,Black Non-Hispanic
Montgomery,2009,1312,Black Non-Hispanic
Prince George's,2009,791,Black Non-Hispanic
Queen Anne's,2009,2351,Black Non-Hispanic
Saint Mary's,2009,2106,Black Non-Hispanic
Somerset,2009,1649,Black Non-Hispanic
Talbot,2009,6189,Black Non-Hispanic
Washington,2009,3931,Black Non-Hispanic
Wicomico,2009,4650,Black Non-Hispanic
Worcester,2009,1812,Black Non-Hispanic
State,2009,666,Hispanic
Allegany,2009,,Hispanic
Anne Arundel,2009,819,Hispanic
Baltimore City,2009,1215,Hispanic
Baltimore County,2009,940,Hispanic
Calvert,2009,,Hispanic
Caroline,2009,,Hispanic
Carroll,2009,,Hispanic
Cecil,2009,2298,Hispanic
Charles,2009,,Hispanic
Dorchester,2009,,Hispanic
Frederick,2009,842,Hispanic
Garrett,2009,,Hispanic
Harford,2009,1578,Hispanic
Howard,2009,876,Hispanic
Kent,2009,,Hispanic
Montgomery,2009,565,Hispanic
Prince George's,2009,346,Hispanic
Queen Anne's,2009,,Hispanic
Saint Mary's,2009,,Hispanic
Somerset,2009,,Hispanic
Talbot,2009,,Hispanic
Washington,2009,3443,Hispanic
Wicomico,2009,1828,Hispanic
Worcester,2009,,Hispanic
State,2009,2689,White Non-Hispanic
Allegany,2009,3800,White Non-Hispanic
Anne Arundel,2009,3046,White Non-Hispanic
Baltimore City,2009,5122,White Non-Hispanic
Baltimore County,2009,3315,White Non-Hispanic
Calvert,2009,1337,White Non-Hispanic
Caroline,2009,4533,White Non-Hispanic
Carroll,2009,1646,White Non-Hispanic
Cecil,2009,5752,White Non-Hispanic
Charles,2009,1657,White Non-Hispanic
Dorchester,2009,6308,White Non-Hispanic
Frederick,2009,1395,White Non-Hispanic
Garrett,2009,1885,White Non-Hispanic
Harford,2009,3619,White Non-Hispanic
Howard,2009,2039,White Non-Hispanic
Kent,2009,2654,White Non-Hispanic
Montgomery,2009,899,White Non-Hispanic
Prince George's,2009,1035,White Non-Hispanic
Queen Anne's,2009,1863,White Non-Hispanic
Saint Mary's,2009,1694,White Non-Hispanic
Somerset,2009,2523,White Non-Hispanic
Talbot,2009,4758,White Non-Hispanic
Washington,2009,5216,White Non-Hispanic
Wicomico,2009,4132,White Non-Hispanic
Worcester,2009,1381,White Non-Hispanic
State,2009,280,Asian/ Pacific Islander Non-Hispanic
Allegany,2009,,Asian/ Pacific Islander Non-Hispanic
Anne Arundel,2009,399,Asian/ Pacific Islander Non-Hispanic
Baltimore City,2009,,Asian/ Pacific Islander Non-Hispanic
Baltimore County,2009,299,Asian/ Pacific Islander Non-Hispanic
Calvert,2009,,Asian/ Pacific Islander Non-Hispanic
Caroline,2009,,Asian/ Pacific Islander Non-Hispanic
Carroll,2009,,Asian/ Pacific Islander Non-Hispanic
Cecil,2009,,Asian/ Pacific Islander Non-Hispanic
Charles,2009,,Asian/ Pacific Islander Non-Hispanic
Dorchester,2009,,Asian/ Pacific Islander Non-Hispanic
Frederick,2009,,Asian/ Pacific Islander Non-Hispanic
Garrett,2009,,Asian/ Pacific Islander Non-Hispanic
Harford,2009,,Asian/ Pacific Islander Non-Hispanic
Howard,2009,471,Asian/ Pacific Islander Non-Hispanic
Kent,2009,,Asian/ Pacific Islander Non-Hispanic
Montgomery,2009,232,Asian/ Pacific Islander Non-Hispanic
Prince George's,2009,203,Asian/ Pacific Islander Non-Hispanic
Queen Anne's,2009,,Asian/ Pacific Islander Non-Hispanic
Saint Mary's,2009,,Asian/ Pacific Islander Non-Hispanic
Somerset,2009,,Asian/ Pacific Islander Non-Hispanic
Talbot,2009,,Asian/ Pacific Islander Non-Hispanic
Washington,2009,,Asian/ Pacific Islander Non-Hispanic
Wicomico,2009,,Asian/ Pacific Islander Non-Hispanic
Worcester,2009,,Asian/ Pacific Islander Non-Hispanic
State,2008,2393,All races/ ethnicities (aggregated)
Allegany,2008,3363,All races/ ethnicities (aggregated)
Anne Arundel,2008,3392,All races/ ethnicities (aggregated)
Baltimore City,2008,4237,All races/ ethnicities (aggregated)
Baltimore County,2008,2913,All races/ ethnicities (aggregated)
Calvert,2008,1218,All races/ ethnicities (aggregated)
Caroline,2008,3659,All races/ ethnicities (aggregated)
Carroll,2008,1337,All races/ ethnicities (aggregated)
Cecil,2008,4670,All races/ ethnicities (aggregated)
Charles,2008,1913,All races/ ethnicities (aggregated)
Dorchester,2008,5220,All races/ ethnicities (aggregated)
Frederick,2008,1230,All races/ ethnicities (aggregated)
Garrett,2008,1410,All races/ ethnicities (aggregated)
Harford,2008,3830,All races/ ethnicities (aggregated)
Howard,2008,2024,All races/ ethnicities (aggregated)
Kent,2008,2599,All races/ ethnicities (aggregated)
Montgomery,2008,997,All races/ ethnicities (aggregated)
Prince George's,2008,971,All races/ ethnicities (aggregated)
Queen Anne's,2008,2072,All races/ ethnicities (aggregated)
Saint Mary's,2008,1254,All races/ ethnicities (aggregated)
Somerset,2008,4042,All races/ ethnicities (aggregated)
Talbot,2008,3772,All races/ ethnicities (aggregated)
Washington,2008,5172,All races/ ethnicities (aggregated)
Wicomico,2008,3705,All races/ ethnicities (aggregated)
Worcester,2008,2412,All races/ ethnicities (aggregated)
State,2008,2195,Black Non-Hispanic
Allegany,2008,2091,Black Non-Hispanic
Anne Arundel,2008,3194,Black Non-Hispanic
Baltimore City,2008,4073,Black Non-Hispanic
Baltimore County,2008,2599,Black Non-Hispanic
Calvert,2008,998,Black Non-Hispanic
Caroline,2008,3261,Black Non-Hispanic
Carroll,2008,1310,Black Non-Hispanic
Cecil,2008,3673,Black Non-Hispanic
Charles,2008,1692,Black Non-Hispanic
Dorchester,2008,6223,Black Non-Hispanic
Frederick,2008,1372,Black Non-Hispanic
Garrett,2008,,Black Non-Hispanic
Harford,2008,2720,Black Non-Hispanic
Howard,2008,2253,Black Non-Hispanic
Kent,2008,4391,Black Non-Hispanic
Montgomery,2008,1065,Black Non-Hispanic
Prince George's,2008,847,Black Non-Hispanic
Queen Anne's,2008,1835,Black Non-Hispanic
Saint Mary's,2008,1466,Black Non-Hispanic
Somerset,2008,1581,Black Non-Hispanic
Talbot,2008,4612,Black Non-Hispanic
Washington,2008,4035,Black Non-Hispanic
Wicomico,2008,3858,Black Non-Hispanic
Worcester,2008,1840,Black Non-Hispanic
State,2008,647,Hispanic
Allegany,2008,,Hispanic
Anne Arundel,2008,1105,Hispanic
Baltimore City,2008,1191,Hispanic
Baltimore County,2008,860,Hispanic
Calvert,2008,,Hispanic
Caroline,2008,,Hispanic
Carroll,2008,,Hispanic
Cecil,2008,2188,Hispanic
Charles,2008,,Hispanic
Dorchester,2008,,Hispanic
Frederick,2008,650,Hispanic
Garrett,2008,,Hispanic
Harford,2008,837,Hispanic
Howard,2008,1126,Hispanic
Kent,2008,,Hispanic
Montgomery,2008,577,Hispanic
Prince George's,2008,371,Hispanic
Queen Anne's,2008,,Hispanic
Saint Mary's,2008,,Hispanic
Somerset,2008,,Hispanic
Talbot,2008,,Hispanic
Washington,2008,2704,Hispanic
Wicomico,2008,,Hispanic
Worcester,2008,,Hispanic
State,2008,2617,White Non-Hispanic
Allegany,2008,3546,White Non-Hispanic
Anne Arundel,2008,3653,White Non-Hispanic
Baltimore City,2008,4930,White Non-Hispanic
Baltimore County,2008,3243,White Non-Hispanic
Calvert,2008,1275,White Non-Hispanic
Caroline,2008,3914,White Non-Hispanic
Carroll,2008,1362,White Non-Hispanic
Cecil,2008,4552,White Non-Hispanic
Charles,2008,2287,White Non-Hispanic
Dorchester,2008,4879,White Non-Hispanic
Frederick,2008,1254,White Non-Hispanic
Garrett,2008,1426,White Non-Hispanic
Harford,2008,3215,White Non-Hispanic
Howard,2008,2259,White Non-Hispanic
Kent,2008,2338,White Non-Hispanic
Montgomery,2008,716,White Non-Hispanic
Prince George's,2008,1226,White Non-Hispanic
Queen Anne's,2008,2150,White Non-Hispanic
Saint Mary's,2008,1250,White Non-Hispanic
Somerset,2008,2131,White Non-Hispanic
Talbot,2008,3679,White Non-Hispanic
Washington,2008,5466,White Non-Hispanic
Wicomico,2008,3676,White Non-Hispanic
Worcester,2008,1114,White Non-Hispanic
State,2008,272,Asian/ Pacific Islander Non-Hispanic
Allegany,2008,,Asian/ Pacific Islander Non-Hispanic
Anne Arundel,2008,592,Asian/ Pacific Islander Non-Hispanic
Baltimore City,2008,436,Asian/ Pacific Islander Non-Hispanic
Baltimore County,2008,256,Asian/ Pacific Islander Non-Hispanic
Calvert,2008,,Asian/ Pacific Islander Non-Hispanic
Caroline,2008,,Asian/ Pacific Islander Non-Hispanic
Carroll,2008,,Asian/ Pacific Islander Non-Hispanic
Cecil,2008,,Asian/ Pacific Islander Non-Hispanic
Charles,2008,,Asian/ Pacific Islander Non-Hispanic
Dorchester,2008,,Asian/ Pacific Islander Non-Hispanic
Frederick,2008,,Asian/ Pacific Islander Non-Hispanic
Garrett,2008,,Asian/ Pacific Islander Non-Hispanic
Harford,2008,,Asian/ Pacific Islander Non-Hispanic
Howard,2008,452,Asian/ Pacific Islander Non-Hispanic
Kent,2008,,Asian/ Pacific Islander Non-Hispanic
Montgomery,2008,201,Asian/ Pacific Islander Non-Hispanic
Prince George's,2008,207,Asian/ Pacific Islander Non-Hispanic
Queen Anne's,2008,,Asian/ Pacific Islander Non-Hispanic
Saint Mary's,2008,,Asian/ Pacific Islander Non-Hispanic
Somerset,2008,,Asian/ Pacific Islander Non-Hispanic
Talbot,2008,,Asian/ Pacific Islander Non-Hispanic
Washington,2008,,Asian/ Pacific Islander Non-Hispanic
Wicomico,2008,,Asian/ Pacific Islander Non-Hispanic
Worcester,2008,,Asian/ Pacific Islander Non-Hispanic
