jdx,years,age,race
State,2015-2017,79,All races/ ethnicities (aggregated)
Allegany,2015-2017,76,All races/ ethnicities (aggregated)
Anne Arundel,2015-2017,80,All races/ ethnicities (aggregated)
Baltimore City,2015-2017,73,All races/ ethnicities (aggregated)
Baltimore County,2015-2017,78,All races/ ethnicities (aggregated)
Calvert,2015-2017,79,All races/ ethnicities (aggregated)
Caroline,2015-2017,76,All races/ ethnicities (aggregated)
Carroll,2015-2017,79,All races/ ethnicities (aggregated)
Cecil,2015-2017,76,All races/ ethnicities (aggregated)
Charles,2015-2017,79,All races/ ethnicities (aggregated)
Dorchester,2015-2017,76,All races/ ethnicities (aggregated)
Frederick,2015-2017,80,All races/ ethnicities (aggregated)
Garrett,2015-2017,78,All races/ ethnicities (aggregated)
Harford,2015-2017,79,All races/ ethnicities (aggregated)
Howard,2015-2017,84,All races/ ethnicities (aggregated)
Kent,2015-2017,79,All races/ ethnicities (aggregated)
Montgomery,2015-2017,85,All races/ ethnicities (aggregated)
Prince George's,2015-2017,79,All races/ ethnicities (aggregated)
Queen Anne's,2015-2017,80,All races/ ethnicities (aggregated)
Saint Mary's,2015-2017,79,All races/ ethnicities (aggregated)
Somerset,2015-2017,75,All races/ ethnicities (aggregated)
Talbot,2015-2017,81,All races/ ethnicities (aggregated)
Washington,2015-2017,78,All races/ ethnicities (aggregated)
Wicomico,2015-2017,77,All races/ ethnicities (aggregated)
Worcester,2015-2017,78,All races/ ethnicities (aggregated)
State,2015-2017,77,Black (Hispanic & Non-Hispanic)
Allegany,2015-2017,78,Black (Hispanic & Non-Hispanic)
Anne Arundel,2015-2017,78,Black (Hispanic & Non-Hispanic)
Baltimore City,2015-2017,71,Black (Hispanic & Non-Hispanic)
Baltimore County,2015-2017,77,Black (Hispanic & Non-Hispanic)
Calvert,2015-2017,77,Black (Hispanic & Non-Hispanic)
Caroline,2015-2017,75,Black (Hispanic & Non-Hispanic)
Carroll,2015-2017,77,Black (Hispanic & Non-Hispanic)
Cecil,2015-2017,72,Black (Hispanic & Non-Hispanic)
Charles,2015-2017,80,Black (Hispanic & Non-Hispanic)
Dorchester,2015-2017,73,Black (Hispanic & Non-Hispanic)
Frederick,2015-2017,78,Black (Hispanic & Non-Hispanic)
Garrett,2015-2017,,Black (Hispanic & Non-Hispanic)
Harford,2015-2017,77,Black (Hispanic & Non-Hispanic)
Howard,2015-2017,82,Black (Hispanic & Non-Hispanic)
Kent,2015-2017,76,Black (Hispanic & Non-Hispanic)
Montgomery,2015-2017,83,Black (Hispanic & Non-Hispanic)
Prince George's,2015-2017,79,Black (Hispanic & Non-Hispanic)
Queen Anne's,2015-2017,74,Black (Hispanic & Non-Hispanic)
Saint Mary's,2015-2017,78,Black (Hispanic & Non-Hispanic)
Somerset,2015-2017,75,Black (Hispanic & Non-Hispanic)
Talbot,2015-2017,77,Black (Hispanic & Non-Hispanic)
Washington,2015-2017,78,Black (Hispanic & Non-Hispanic)
Wicomico,2015-2017,74,Black (Hispanic & Non-Hispanic)
Worcester,2015-2017,72,Black (Hispanic & Non-Hispanic)
State,2015-2017,80,White (Hispanic & Non-Hispanic)
Allegany,2015-2017,76,White (Hispanic & Non-Hispanic)
Anne Arundel,2015-2017,80,White (Hispanic & Non-Hispanic)
Baltimore City,2015-2017,76,White (Hispanic & Non-Hispanic)
Baltimore County,2015-2017,78,White (Hispanic & Non-Hispanic)
Calvert,2015-2017,80,White (Hispanic & Non-Hispanic)
Caroline,2015-2017,76,White (Hispanic & Non-Hispanic)
Carroll,2015-2017,79,White (Hispanic & Non-Hispanic)
Cecil,2015-2017,76,White (Hispanic & Non-Hispanic)
Charles,2015-2017,78,White (Hispanic & Non-Hispanic)
Dorchester,2015-2017,78,White (Hispanic & Non-Hispanic)
Frederick,2015-2017,80,White (Hispanic & Non-Hispanic)
Garrett,2015-2017,78,White (Hispanic & Non-Hispanic)
Harford,2015-2017,79,White (Hispanic & Non-Hispanic)
Howard,2015-2017,83,White (Hispanic & Non-Hispanic)
Kent,2015-2017,80,White (Hispanic & Non-Hispanic)
Montgomery,2015-2017,85,White (Hispanic & Non-Hispanic)
Prince George's,2015-2017,80,White (Hispanic & Non-Hispanic)
Queen Anne's,2015-2017,80,White (Hispanic & Non-Hispanic)
Saint Mary's,2015-2017,79,White (Hispanic & Non-Hispanic)
Somerset,2015-2017,75,White (Hispanic & Non-Hispanic)
Talbot,2015-2017,82,White (Hispanic & Non-Hispanic)
Washington,2015-2017,78,White (Hispanic & Non-Hispanic)
Wicomico,2015-2017,78,White (Hispanic & Non-Hispanic)
Worcester,2015-2017,79,White (Hispanic & Non-Hispanic)
State,2014-2016,80,All races/ ethnicities (aggregated)
Allegany,2014-2016,76,All races/ ethnicities (aggregated)
Anne Arundel,2014-2016,80,All races/ ethnicities (aggregated)
Baltimore City,2014-2016,73,All races/ ethnicities (aggregated)
Baltimore County,2014-2016,79,All races/ ethnicities (aggregated)
Calvert,2014-2016,80,All races/ ethnicities (aggregated)
Caroline,2014-2016,76,All races/ ethnicities (aggregated)
Carroll,2014-2016,79,All races/ ethnicities (aggregated)
Cecil,2014-2016,77,All races/ ethnicities (aggregated)
Charles,2014-2016,79,All races/ ethnicities (aggregated)
Dorchester,2014-2016,77,All races/ ethnicities (aggregated)
Frederick,2014-2016,80,All races/ ethnicities (aggregated)
Garrett,2014-2016,79,All races/ ethnicities (aggregated)
Harford,2014-2016,79,All races/ ethnicities (aggregated)
Howard,2014-2016,83,All races/ ethnicities (aggregated)
Kent,2014-2016,80,All races/ ethnicities (aggregated)
Montgomery,2014-2016,85,All races/ ethnicities (aggregated)
Prince George's,2014-2016,80,All races/ ethnicities (aggregated)
Queen Anne's,2014-2016,79,All races/ ethnicities (aggregated)
Saint Mary's,2014-2016,80,All races/ ethnicities (aggregated)
Somerset,2014-2016,76,All races/ ethnicities (aggregated)
Talbot,2014-2016,81,All races/ ethnicities (aggregated)
Washington,2014-2016,78,All races/ ethnicities (aggregated)
Wicomico,2014-2016,77,All races/ ethnicities (aggregated)
Worcester,2014-2016,79,All races/ ethnicities (aggregated)
State,2014-2016,77,Black (Hispanic & Non-Hispanic)
Allegany,2014-2016,80,Black (Hispanic & Non-Hispanic)
Anne Arundel,2014-2016,78,Black (Hispanic & Non-Hispanic)
Baltimore City,2014-2016,72,Black (Hispanic & Non-Hispanic)
Baltimore County,2014-2016,77,Black (Hispanic & Non-Hispanic)
Calvert,2014-2016,77,Black (Hispanic & Non-Hispanic)
Caroline,2014-2016,74,Black (Hispanic & Non-Hispanic)
Carroll,2014-2016,78,Black (Hispanic & Non-Hispanic)
Cecil,2014-2016,72,Black (Hispanic & Non-Hispanic)
Charles,2014-2016,79,Black (Hispanic & Non-Hispanic)
Dorchester,2014-2016,75,Black (Hispanic & Non-Hispanic)
Frederick,2014-2016,78,Black (Hispanic & Non-Hispanic)
Garrett,2014-2016,,Black (Hispanic & Non-Hispanic)
Harford,2014-2016,78,Black (Hispanic & Non-Hispanic)
Howard,2014-2016,82,Black (Hispanic & Non-Hispanic)
Kent,2014-2016,75,Black (Hispanic & Non-Hispanic)
Montgomery,2014-2016,83,Black (Hispanic & Non-Hispanic)
Prince George's,2014-2016,79,Black (Hispanic & Non-Hispanic)
Queen Anne's,2014-2016,76,Black (Hispanic & Non-Hispanic)
Saint Mary's,2014-2016,77,Black (Hispanic & Non-Hispanic)
Somerset,2014-2016,76,Black (Hispanic & Non-Hispanic)
Talbot,2014-2016,78,Black (Hispanic & Non-Hispanic)
Washington,2014-2016,76,Black (Hispanic & Non-Hispanic)
Wicomico,2014-2016,75,Black (Hispanic & Non-Hispanic)
Worcester,2014-2016,73,Black (Hispanic & Non-Hispanic)
State,2014-2016,80,White (Hispanic & Non-Hispanic)
Allegany,2014-2016,76,White (Hispanic & Non-Hispanic)
Anne Arundel,2014-2016,80,White (Hispanic & Non-Hispanic)
Baltimore City,2014-2016,77,White (Hispanic & Non-Hispanic)
Baltimore County,2014-2016,79,White (Hispanic & Non-Hispanic)
Calvert,2014-2016,80,White (Hispanic & Non-Hispanic)
Caroline,2014-2016,76,White (Hispanic & Non-Hispanic)
Carroll,2014-2016,79,White (Hispanic & Non-Hispanic)
Cecil,2014-2016,77,White (Hispanic & Non-Hispanic)
Charles,2014-2016,79,White (Hispanic & Non-Hispanic)
Dorchester,2014-2016,78,White (Hispanic & Non-Hispanic)
Frederick,2014-2016,80,White (Hispanic & Non-Hispanic)
Garrett,2014-2016,79,White (Hispanic & Non-Hispanic)
Harford,2014-2016,80,White (Hispanic & Non-Hispanic)
Howard,2014-2016,83,White (Hispanic & Non-Hispanic)
Kent,2014-2016,80,White (Hispanic & Non-Hispanic)
Montgomery,2014-2016,85,White (Hispanic & Non-Hispanic)
Prince George's,2014-2016,80,White (Hispanic & Non-Hispanic)
Queen Anne's,2014-2016,80,White (Hispanic & Non-Hispanic)
Saint Mary's,2014-2016,80,White (Hispanic & Non-Hispanic)
Somerset,2014-2016,77,White (Hispanic & Non-Hispanic)
Talbot,2014-2016,82,White (Hispanic & Non-Hispanic)
Washington,2014-2016,78,White (Hispanic & Non-Hispanic)
Wicomico,2014-2016,78,White (Hispanic & Non-Hispanic)
Worcester,2014-2016,80,White (Hispanic & Non-Hispanic)
State,2014-2016,80,All races/ ethnicities (aggregated)
Allegany,2014-2016,76,All races/ ethnicities (aggregated)
Anne Arundel,2014-2016,80,All races/ ethnicities (aggregated)
Baltimore City,2014-2016,73,All races/ ethnicities (aggregated)
Baltimore County,2014-2016,79,All races/ ethnicities (aggregated)
Calvert,2014-2016,80,All races/ ethnicities (aggregated)
Caroline,2014-2016,76,All races/ ethnicities (aggregated)
Carroll,2014-2016,79,All races/ ethnicities (aggregated)
Cecil,2014-2016,77,All races/ ethnicities (aggregated)
Charles,2014-2016,79,All races/ ethnicities (aggregated)
Dorchester,2014-2016,77,All races/ ethnicities (aggregated)
Frederick,2014-2016,80,All races/ ethnicities (aggregated)
Garrett,2014-2016,79,All races/ ethnicities (aggregated)
Harford,2014-2016,79,All races/ ethnicities (aggregated)
Howard,2014-2016,83,All races/ ethnicities (aggregated)
Kent,2014-2016,80,All races/ ethnicities (aggregated)
Montgomery,2014-2016,85,All races/ ethnicities (aggregated)
Prince George's,2014-2016,80,All races/ ethnicities (aggregated)
Queen Anne's,2014-2016,79,All races/ ethnicities (aggregated)
Saint Mary's,2014-2016,80,All races/ ethnicities (aggregated)
Somerset,2014-2016,76,All races/ ethnicities (aggregated)
Talbot,2014-2016,81,All races/ ethnicities (aggregated)
Washington,2014-2016,78,All races/ ethnicities (aggregated)
Wicomico,2014-2016,77,All races/ ethnicities (aggregated)
Worcester,2014-2016,79,All races/ ethnicities (aggregated)
State,2014-2016,77,Black (Hispanic & Non-Hispanic)
Allegany,2014-2016,80,Black (Hispanic & Non-Hispanic)
Anne Arundel,2014-2016,78,Black (Hispanic & Non-Hispanic)
Baltimore City,2014-2016,72,Black (Hispanic & Non-Hispanic)
Baltimore County,2014-2016,77,Black (Hispanic & Non-Hispanic)
Calvert,2014-2016,77,Black (Hispanic & Non-Hispanic)
Caroline,2014-2016,74,Black (Hispanic & Non-Hispanic)
Carroll,2014-2016,78,Black (Hispanic & Non-Hispanic)
Cecil,2014-2016,72,Black (Hispanic & Non-Hispanic)
Charles,2014-2016,79,Black (Hispanic & Non-Hispanic)
Dorchester,2014-2016,75,Black (Hispanic & Non-Hispanic)
Frederick,2014-2016,78,Black (Hispanic & Non-Hispanic)
Garrett,2014-2016,,Black (Hispanic & Non-Hispanic)
Harford,2014-2016,78,Black (Hispanic & Non-Hispanic)
Howard,2014-2016,82,Black (Hispanic & Non-Hispanic)
Kent,2014-2016,75,Black (Hispanic & Non-Hispanic)
Montgomery,2014-2016,83,Black (Hispanic & Non-Hispanic)
Prince George's,2014-2016,79,Black (Hispanic & Non-Hispanic)
Queen Anne's,2014-2016,76,Black (Hispanic & Non-Hispanic)
Saint Mary's,2014-2016,77,Black (Hispanic & Non-Hispanic)
Somerset,2014-2016,76,Black (Hispanic & Non-Hispanic)
Talbot,2014-2016,78,Black (Hispanic & Non-Hispanic)
Washington,2014-2016,76,Black (Hispanic & Non-Hispanic)
Wicomico,2014-2016,75,Black (Hispanic & Non-Hispanic)
Worcester,2014-2016,73,Black (Hispanic & Non-Hispanic)
State,2014-2016,,Hispanic
Allegany,2014-2016,,Hispanic
Anne Arundel,2014-2016,,Hispanic
Baltimore City,2014-2016,,Hispanic
Baltimore County,2014-2016,,Hispanic
Calvert,2014-2016,,Hispanic
Caroline,2014-2016,,Hispanic
Carroll,2014-2016,,Hispanic
Cecil,2014-2016,,Hispanic
Charles,2014-2016,,Hispanic
Dorchester,2014-2016,,Hispanic
Frederick,2014-2016,,Hispanic
Garrett,2014-2016,,Hispanic
Harford,2014-2016,,Hispanic
Howard,2014-2016,,Hispanic
Kent,2014-2016,,Hispanic
Montgomery,2014-2016,,Hispanic
Prince George's,2014-2016,,Hispanic
Queen Anne's,2014-2016,,Hispanic
Saint Mary's,2014-2016,,Hispanic
Somerset,2014-2016,,Hispanic
Talbot,2014-2016,,Hispanic
Washington,2014-2016,,Hispanic
Wicomico,2014-2016,,Hispanic
Worcester,2014-2016,,Hispanic
State,2014-2016,80,White (Hispanic & Non-Hispanic)
Allegany,2014-2016,76,White (Hispanic & Non-Hispanic)
Anne Arundel,2014-2016,80,White (Hispanic & Non-Hispanic)
Baltimore City,2014-2016,77,White (Hispanic & Non-Hispanic)
Baltimore County,2014-2016,79,White (Hispanic & Non-Hispanic)
Calvert,2014-2016,80,White (Hispanic & Non-Hispanic)
Caroline,2014-2016,76,White (Hispanic & Non-Hispanic)
Carroll,2014-2016,79,White (Hispanic & Non-Hispanic)
Cecil,2014-2016,77,White (Hispanic & Non-Hispanic)
Charles,2014-2016,79,White (Hispanic & Non-Hispanic)
Dorchester,2014-2016,78,White (Hispanic & Non-Hispanic)
Frederick,2014-2016,80,White (Hispanic & Non-Hispanic)
Garrett,2014-2016,79,White (Hispanic & Non-Hispanic)
Harford,2014-2016,80,White (Hispanic & Non-Hispanic)
Howard,2014-2016,83,White (Hispanic & Non-Hispanic)
Kent,2014-2016,80,White (Hispanic & Non-Hispanic)
Montgomery,2014-2016,85,White (Hispanic & Non-Hispanic)
Prince George's,2014-2016,80,White (Hispanic & Non-Hispanic)
Queen Anne's,2014-2016,80,White (Hispanic & Non-Hispanic)
Saint Mary's,2014-2016,80,White (Hispanic & Non-Hispanic)
Somerset,2014-2016,77,White (Hispanic & Non-Hispanic)
Talbot,2014-2016,82,White (Hispanic & Non-Hispanic)
Washington,2014-2016,78,White (Hispanic & Non-Hispanic)
Wicomico,2014-2016,78,White (Hispanic & Non-Hispanic)
Worcester,2014-2016,80,White (Hispanic & Non-Hispanic)
State,2014-2016,,Asian/ Pacific Islander Non-Hispanic
Allegany,2014-2016,,Asian/ Pacific Islander Non-Hispanic
Anne Arundel,2014-2016,,Asian/ Pacific Islander Non-Hispanic
Baltimore City,2014-2016,,Asian/ Pacific Islander Non-Hispanic
Baltimore County,2014-2016,,Asian/ Pacific Islander Non-Hispanic
Calvert,2014-2016,,Asian/ Pacific Islander Non-Hispanic
Caroline,2014-2016,,Asian/ Pacific Islander Non-Hispanic
Carroll,2014-2016,,Asian/ Pacific Islander Non-Hispanic
Cecil,2014-2016,,Asian/ Pacific Islander Non-Hispanic
Charles,2014-2016,,Asian/ Pacific Islander Non-Hispanic
Dorchester,2014-2016,,Asian/ Pacific Islander Non-Hispanic
Frederick,2014-2016,,Asian/ Pacific Islander Non-Hispanic
Garrett,2014-2016,,Asian/ Pacific Islander Non-Hispanic
Harford,2014-2016,,Asian/ Pacific Islander Non-Hispanic
Howard,2014-2016,,Asian/ Pacific Islander Non-Hispanic
Kent,2014-2016,,Asian/ Pacific Islander Non-Hispanic
Montgomery,2014-2016,,Asian/ Pacific Islander Non-Hispanic
Prince George's,2014-2016,,Asian/ Pacific Islander Non-Hispanic
Queen Anne's,2014-2016,,Asian/ Pacific Islander Non-Hispanic
Saint Mary's,2014-2016,,Asian/ Pacific Islander Non-Hispanic
Somerset,2014-2016,,Asian/ Pacific Islander Non-Hispanic
Talbot,2014-2016,,Asian/ Pacific Islander Non-Hispanic
Washington,2014-2016,,Asian/ Pacific Islander Non-Hispanic
Wicomico,2014-2016,,Asian/ Pacific Islander Non-Hispanic
Worcester,2014-2016,,Asian/ Pacific Islander Non-Hispanic
State,2013-2015,80,All races/ ethnicities (aggregated)
Allegany,2013-2015,77,All races/ ethnicities (aggregated)
Anne Arundel,2013-2015,80,All races/ ethnicities (aggregated)
Baltimore City,2013-2015,74,All races/ ethnicities (aggregated)
Baltimore County,2013-2015,79,All races/ ethnicities (aggregated)
Calvert,2013-2015,80,All races/ ethnicities (aggregated)
Caroline,2013-2015,76,All races/ ethnicities (aggregated)
Carroll,2013-2015,79,All races/ ethnicities (aggregated)
Cecil,2013-2015,77,All races/ ethnicities (aggregated)
Charles,2013-2015,80,All races/ ethnicities (aggregated)
Dorchester,2013-2015,78,All races/ ethnicities (aggregated)
Frederick,2013-2015,81,All races/ ethnicities (aggregated)
Garrett,2013-2015,79,All races/ ethnicities (aggregated)
Harford,2013-2015,80,All races/ ethnicities (aggregated)
Howard,2013-2015,83,All races/ ethnicities (aggregated)
Kent,2013-2015,80,All races/ ethnicities (aggregated)
Montgomery,2013-2015,85,All races/ ethnicities (aggregated)
Prince George's,2013-2015,80,All races/ ethnicities (aggregated)
Queen Anne's,2013-2015,80,All races/ ethnicities (aggregated)
Saint Mary's,2013-2015,79,All races/ ethnicities (aggregated)
Somerset,2013-2015,76,All races/ ethnicities (aggregated)
Talbot,2013-2015,81,All races/ ethnicities (aggregated)
Washington,2013-2015,77,All races/ ethnicities (aggregated)
Wicomico,2013-2015,77,All races/ ethnicities (aggregated)
Worcester,2013-2015,79,All races/ ethnicities (aggregated)
State,2013-2015,77,Black (Hispanic & Non-Hispanic)
Allegany,2013-2015,79,Black (Hispanic & Non-Hispanic)
Anne Arundel,2013-2015,78,Black (Hispanic & Non-Hispanic)
Baltimore City,2013-2015,72,Black (Hispanic & Non-Hispanic)
Baltimore County,2013-2015,78,Black (Hispanic & Non-Hispanic)
Calvert,2013-2015,78,Black (Hispanic & Non-Hispanic)
Caroline,2013-2015,75,Black (Hispanic & Non-Hispanic)
Carroll,2013-2015,77,Black (Hispanic & Non-Hispanic)
Cecil,2013-2015,74,Black (Hispanic & Non-Hispanic)
Charles,2013-2015,80,Black (Hispanic & Non-Hispanic)
Dorchester,2013-2015,76,Black (Hispanic & Non-Hispanic)
Frederick,2013-2015,78,Black (Hispanic & Non-Hispanic)
Garrett,2013-2015,,Black (Hispanic & Non-Hispanic)
Harford,2013-2015,78,Black (Hispanic & Non-Hispanic)
Howard,2013-2015,81,Black (Hispanic & Non-Hispanic)
Kent,2013-2015,75,Black (Hispanic & Non-Hispanic)
Montgomery,2013-2015,83,Black (Hispanic & Non-Hispanic)
Prince George's,2013-2015,79,Black (Hispanic & Non-Hispanic)
Queen Anne's,2013-2015,77,Black (Hispanic & Non-Hispanic)
Saint Mary's,2013-2015,77,Black (Hispanic & Non-Hispanic)
Somerset,2013-2015,76,Black (Hispanic & Non-Hispanic)
Talbot,2013-2015,77,Black (Hispanic & Non-Hispanic)
Washington,2013-2015,76,Black (Hispanic & Non-Hispanic)
Wicomico,2013-2015,76,Black (Hispanic & Non-Hispanic)
Worcester,2013-2015,75,Black (Hispanic & Non-Hispanic)
State,2013-2015,80,White (Hispanic & Non-Hispanic)
Allegany,2013-2015,77,White (Hispanic & Non-Hispanic)
Anne Arundel,2013-2015,80,White (Hispanic & Non-Hispanic)
Baltimore City,2013-2015,77,White (Hispanic & Non-Hispanic)
Baltimore County,2013-2015,79,White (Hispanic & Non-Hispanic)
Calvert,2013-2015,80,White (Hispanic & Non-Hispanic)
Caroline,2013-2015,76,White (Hispanic & Non-Hispanic)
Carroll,2013-2015,79,White (Hispanic & Non-Hispanic)
Cecil,2013-2015,77,White (Hispanic & Non-Hispanic)
Charles,2013-2015,79,White (Hispanic & Non-Hispanic)
Dorchester,2013-2015,78,White (Hispanic & Non-Hispanic)
Frederick,2013-2015,81,White (Hispanic & Non-Hispanic)
Garrett,2013-2015,79,White (Hispanic & Non-Hispanic)
Harford,2013-2015,80,White (Hispanic & Non-Hispanic)
Howard,2013-2015,83,White (Hispanic & Non-Hispanic)
Kent,2013-2015,81,White (Hispanic & Non-Hispanic)
Montgomery,2013-2015,84,White (Hispanic & Non-Hispanic)
Prince George's,2013-2015,81,White (Hispanic & Non-Hispanic)
Queen Anne's,2013-2015,80,White (Hispanic & Non-Hispanic)
Saint Mary's,2013-2015,79,White (Hispanic & Non-Hispanic)
Somerset,2013-2015,76,White (Hispanic & Non-Hispanic)
Talbot,2013-2015,82,White (Hispanic & Non-Hispanic)
Washington,2013-2015,77,White (Hispanic & Non-Hispanic)
Wicomico,2013-2015,78,White (Hispanic & Non-Hispanic)
Worcester,2013-2015,80,White (Hispanic & Non-Hispanic)
State,2013-2015,80,All races/ ethnicities (aggregated)
Allegany,2013-2015,77,All races/ ethnicities (aggregated)
Anne Arundel,2013-2015,80,All races/ ethnicities (aggregated)
Baltimore City,2013-2015,74,All races/ ethnicities (aggregated)
Baltimore County,2013-2015,79,All races/ ethnicities (aggregated)
Calvert,2013-2015,80,All races/ ethnicities (aggregated)
Caroline,2013-2015,76,All races/ ethnicities (aggregated)
Carroll,2013-2015,79,All races/ ethnicities (aggregated)
Cecil,2013-2015,77,All races/ ethnicities (aggregated)
Charles,2013-2015,80,All races/ ethnicities (aggregated)
Dorchester,2013-2015,78,All races/ ethnicities (aggregated)
Frederick,2013-2015,81,All races/ ethnicities (aggregated)
Garrett,2013-2015,79,All races/ ethnicities (aggregated)
Harford,2013-2015,80,All races/ ethnicities (aggregated)
Howard,2013-2015,83,All races/ ethnicities (aggregated)
Kent,2013-2015,80,All races/ ethnicities (aggregated)
Montgomery,2013-2015,85,All races/ ethnicities (aggregated)
Prince George's,2013-2015,80,All races/ ethnicities (aggregated)
Queen Anne's,2013-2015,80,All races/ ethnicities (aggregated)
Saint Mary's,2013-2015,79,All races/ ethnicities (aggregated)
Somerset,2013-2015,76,All races/ ethnicities (aggregated)
Talbot,2013-2015,81,All races/ ethnicities (aggregated)
Washington,2013-2015,77,All races/ ethnicities (aggregated)
Wicomico,2013-2015,77,All races/ ethnicities (aggregated)
Worcester,2013-2015,79,All races/ ethnicities (aggregated)
State,2013-2015,77,Black (Hispanic & Non-Hispanic)
Allegany,2013-2015,79,Black (Hispanic & Non-Hispanic)
Anne Arundel,2013-2015,78,Black (Hispanic & Non-Hispanic)
Baltimore City,2013-2015,72,Black (Hispanic & Non-Hispanic)
Baltimore County,2013-2015,78,Black (Hispanic & Non-Hispanic)
Calvert,2013-2015,78,Black (Hispanic & Non-Hispanic)
Caroline,2013-2015,75,Black (Hispanic & Non-Hispanic)
Carroll,2013-2015,77,Black (Hispanic & Non-Hispanic)
Cecil,2013-2015,74,Black (Hispanic & Non-Hispanic)
Charles,2013-2015,80,Black (Hispanic & Non-Hispanic)
Dorchester,2013-2015,76,Black (Hispanic & Non-Hispanic)
Frederick,2013-2015,78,Black (Hispanic & Non-Hispanic)
Garrett,2013-2015,,Black (Hispanic & Non-Hispanic)
Harford,2013-2015,78,Black (Hispanic & Non-Hispanic)
Howard,2013-2015,81,Black (Hispanic & Non-Hispanic)
Kent,2013-2015,75,Black (Hispanic & Non-Hispanic)
Montgomery,2013-2015,83,Black (Hispanic & Non-Hispanic)
Prince George's,2013-2015,79,Black (Hispanic & Non-Hispanic)
Queen Anne's,2013-2015,77,Black (Hispanic & Non-Hispanic)
Saint Mary's,2013-2015,77,Black (Hispanic & Non-Hispanic)
Somerset,2013-2015,76,Black (Hispanic & Non-Hispanic)
Talbot,2013-2015,77,Black (Hispanic & Non-Hispanic)
Washington,2013-2015,76,Black (Hispanic & Non-Hispanic)
Wicomico,2013-2015,76,Black (Hispanic & Non-Hispanic)
Worcester,2013-2015,75,Black (Hispanic & Non-Hispanic)
State,2013-2015,,Hispanic
Allegany,2013-2015,,Hispanic
Anne Arundel,2013-2015,,Hispanic
Baltimore City,2013-2015,,Hispanic
Baltimore County,2013-2015,,Hispanic
Calvert,2013-2015,,Hispanic
Caroline,2013-2015,,Hispanic
Carroll,2013-2015,,Hispanic
Cecil,2013-2015,,Hispanic
Charles,2013-2015,,Hispanic
Dorchester,2013-2015,,Hispanic
Frederick,2013-2015,,Hispanic
Garrett,2013-2015,,Hispanic
Harford,2013-2015,,Hispanic
Howard,2013-2015,,Hispanic
Kent,2013-2015,,Hispanic
Montgomery,2013-2015,,Hispanic
Prince George's,2013-2015,,Hispanic
Queen Anne's,2013-2015,,Hispanic
Saint Mary's,2013-2015,,Hispanic
Somerset,2013-2015,,Hispanic
Talbot,2013-2015,,Hispanic
Washington,2013-2015,,Hispanic
Wicomico,2013-2015,,Hispanic
Worcester,2013-2015,,Hispanic
State,2013-2015,80,White (Hispanic & Non-Hispanic)
Allegany,2013-2015,77,White (Hispanic & Non-Hispanic)
Anne Arundel,2013-2015,80,White (Hispanic & Non-Hispanic)
Baltimore City,2013-2015,77,White (Hispanic & Non-Hispanic)
Baltimore County,2013-2015,79,White (Hispanic & Non-Hispanic)
Calvert,2013-2015,80,White (Hispanic & Non-Hispanic)
Caroline,2013-2015,76,White (Hispanic & Non-Hispanic)
Carroll,2013-2015,79,White (Hispanic & Non-Hispanic)
Cecil,2013-2015,77,White (Hispanic & Non-Hispanic)
Charles,2013-2015,79,White (Hispanic & Non-Hispanic)
Dorchester,2013-2015,78,White (Hispanic & Non-Hispanic)
Frederick,2013-2015,81,White (Hispanic & Non-Hispanic)
Garrett,2013-2015,79,White (Hispanic & Non-Hispanic)
Harford,2013-2015,80,White (Hispanic & Non-Hispanic)
Howard,2013-2015,83,White (Hispanic & Non-Hispanic)
Kent,2013-2015,81,White (Hispanic & Non-Hispanic)
Montgomery,2013-2015,84,White (Hispanic & Non-Hispanic)
Prince George's,2013-2015,81,White (Hispanic & Non-Hispanic)
Queen Anne's,2013-2015,80,White (Hispanic & Non-Hispanic)
Saint Mary's,2013-2015,79,White (Hispanic & Non-Hispanic)
Somerset,2013-2015,76,White (Hispanic & Non-Hispanic)
Talbot,2013-2015,82,White (Hispanic & Non-Hispanic)
Washington,2013-2015,77,White (Hispanic & Non-Hispanic)
Wicomico,2013-2015,78,White (Hispanic & Non-Hispanic)
Worcester,2013-2015,80,White (Hispanic & Non-Hispanic)
State,2013-2015,,Asian/ Pacific Islander Non-Hispanic
Allegany,2013-2015,,Asian/ Pacific Islander Non-Hispanic
Anne Arundel,2013-2015,,Asian/ Pacific Islander Non-Hispanic
Baltimore City,2013-2015,,Asian/ Pacific Islander Non-Hispanic
Baltimore County,2013-2015,,Asian/ Pacific Islander Non-Hispanic
Calvert,2013-2015,,Asian/ Pacific Islander Non-Hispanic
Caroline,2013-2015,,Asian/ Pacific Islander Non-Hispanic
Carroll,2013-2015,,Asian/ Pacific Islander Non-Hispanic
Cecil,2013-2015,,Asian/ Pacific Islander Non-Hispanic
Charles,2013-2015,,Asian/ Pacific Islander Non-Hispanic
Dorchester,2013-2015,,Asian/ Pacific Islander Non-Hispanic
Frederick,2013-2015,,Asian/ Pacific Islander Non-Hispanic
Garrett,2013-2015,,Asian/ Pacific Islander Non-Hispanic
Harford,2013-2015,,Asian/ Pacific Islander Non-Hispanic
Howard,2013-2015,,Asian/ Pacific Islander Non-Hispanic
Kent,2013-2015,,Asian/ Pacific Islander Non-Hispanic
Montgomery,2013-2015,,Asian/ Pacific Islander Non-Hispanic
Prince George's,2013-2015,,Asian/ Pacific Islander Non-Hispanic
Queen Anne's,2013-2015,,Asian/ Pacific Islander Non-Hispanic
Saint Mary's,2013-2015,,Asian/ Pacific Islander Non-Hispanic
Somerset,2013-2015,,Asian/ Pacific Islander Non-Hispanic
Talbot,2013-2015,,Asian/ Pacific Islander Non-Hispanic
Washington,2013-2015,,Asian/ Pacific Islander Non-Hispanic
Wicomico,2013-2015,,Asian/ Pacific Islander Non-Hispanic
Worcester,2013-2015,,Asian/ Pacific Islander Non-Hispanic
State,2012-2014,80,All races/ ethnicities (aggregated)
Allegany,2012-2014,78,All races/ ethnicities (aggregated)
Anne Arundel,2012-2014,80,All races/ ethnicities (aggregated)
Baltimore City,2012-2014,74,All races/ ethnicities (aggregated)
Baltimore County,2012-2014,79,All races/ ethnicities (aggregated)
Calvert,2012-2014,80,All races/ ethnicities (aggregated)
Caroline,2012-2014,76,All races/ ethnicities (aggregated)
Carroll,2012-2014,79,All races/ ethnicities (aggregated)
Cecil,2012-2014,78,All races/ ethnicities (aggregated)
Charles,2012-2014,79,All races/ ethnicities (aggregated)
Dorchester,2012-2014,78,All races/ ethnicities (aggregated)
Frederick,2012-2014,81,All races/ ethnicities (aggregated)
Garrett,2012-2014,80,All races/ ethnicities (aggregated)
Harford,2012-2014,80,All races/ ethnicities (aggregated)
Howard,2012-2014,83,All races/ ethnicities (aggregated)
Kent,2012-2014,80,All races/ ethnicities (aggregated)
Montgomery,2012-2014,85,All races/ ethnicities (aggregated)
Prince George's,2012-2014,80,All races/ ethnicities (aggregated)
Queen Anne's,2012-2014,79,All races/ ethnicities (aggregated)
Saint Mary's,2012-2014,79,All races/ ethnicities (aggregated)
Somerset,2012-2014,77,All races/ ethnicities (aggregated)
Talbot,2012-2014,81,All races/ ethnicities (aggregated)
Washington,2012-2014,78,All races/ ethnicities (aggregated)
Wicomico,2012-2014,77,All races/ ethnicities (aggregated)
Worcester,2012-2014,80,All races/ ethnicities (aggregated)
State,2012-2014,78,Black (Hispanic & Non-Hispanic)
Allegany,2012-2014,77,Black (Hispanic & Non-Hispanic)
Anne Arundel,2012-2014,78,Black (Hispanic & Non-Hispanic)
Baltimore City,2012-2014,72,Black (Hispanic & Non-Hispanic)
Baltimore County,2012-2014,78,Black (Hispanic & Non-Hispanic)
Calvert,2012-2014,78,Black (Hispanic & Non-Hispanic)
Caroline,2012-2014,77,Black (Hispanic & Non-Hispanic)
Carroll,2012-2014,78,Black (Hispanic & Non-Hispanic)
Cecil,2012-2014,77,Black (Hispanic & Non-Hispanic)
Charles,2012-2014,79,Black (Hispanic & Non-Hispanic)
Dorchester,2012-2014,75,Black (Hispanic & Non-Hispanic)
Frederick,2012-2014,78,Black (Hispanic & Non-Hispanic)
Garrett,2012-2014,,Black (Hispanic & Non-Hispanic)
Harford,2012-2014,78,Black (Hispanic & Non-Hispanic)
Howard,2012-2014,82,Black (Hispanic & Non-Hispanic)
Kent,2012-2014,75,Black (Hispanic & Non-Hispanic)
Montgomery,2012-2014,83,Black (Hispanic & Non-Hispanic)
Prince George's,2012-2014,79,Black (Hispanic & Non-Hispanic)
Queen Anne's,2012-2014,74,Black (Hispanic & Non-Hispanic)
Saint Mary's,2012-2014,77,Black (Hispanic & Non-Hispanic)
Somerset,2012-2014,77,Black (Hispanic & Non-Hispanic)
Talbot,2012-2014,77,Black (Hispanic & Non-Hispanic)
Washington,2012-2014,76,Black (Hispanic & Non-Hispanic)
Wicomico,2012-2014,75,Black (Hispanic & Non-Hispanic)
Worcester,2012-2014,76,Black (Hispanic & Non-Hispanic)
State,2012-2014,80,White (Hispanic & Non-Hispanic)
Allegany,2012-2014,77,White (Hispanic & Non-Hispanic)
Anne Arundel,2012-2014,80,White (Hispanic & Non-Hispanic)
Baltimore City,2012-2014,77,White (Hispanic & Non-Hispanic)
Baltimore County,2012-2014,80,White (Hispanic & Non-Hispanic)
Calvert,2012-2014,80,White (Hispanic & Non-Hispanic)
Caroline,2012-2014,76,White (Hispanic & Non-Hispanic)
Carroll,2012-2014,79,White (Hispanic & Non-Hispanic)
Cecil,2012-2014,78,White (Hispanic & Non-Hispanic)
Charles,2012-2014,79,White (Hispanic & Non-Hispanic)
Dorchester,2012-2014,79,White (Hispanic & Non-Hispanic)
Frederick,2012-2014,81,White (Hispanic & Non-Hispanic)
Garrett,2012-2014,80,White (Hispanic & Non-Hispanic)
Harford,2012-2014,80,White (Hispanic & Non-Hispanic)
Howard,2012-2014,83,White (Hispanic & Non-Hispanic)
Kent,2012-2014,81,White (Hispanic & Non-Hispanic)
Montgomery,2012-2014,84,White (Hispanic & Non-Hispanic)
Prince George's,2012-2014,81,White (Hispanic & Non-Hispanic)
Queen Anne's,2012-2014,80,White (Hispanic & Non-Hispanic)
Saint Mary's,2012-2014,80,White (Hispanic & Non-Hispanic)
Somerset,2012-2014,77,White (Hispanic & Non-Hispanic)
Talbot,2012-2014,82,White (Hispanic & Non-Hispanic)
Washington,2012-2014,78,White (Hispanic & Non-Hispanic)
Wicomico,2012-2014,78,White (Hispanic & Non-Hispanic)
Worcester,2012-2014,81,White (Hispanic & Non-Hispanic)
State,2012-2014,,Asian/ Pacific Islander Non-Hispanic
Allegany,2012-2014,,Asian/ Pacific Islander Non-Hispanic
Anne Arundel,2012-2014,,Asian/ Pacific Islander Non-Hispanic
Baltimore City,2012-2014,,Asian/ Pacific Islander Non-Hispanic
Baltimore County,2012-2014,,Asian/ Pacific Islander Non-Hispanic
Calvert,2012-2014,,Asian/ Pacific Islander Non-Hispanic
Caroline,2012-2014,,Asian/ Pacific Islander Non-Hispanic
Carroll,2012-2014,,Asian/ Pacific Islander Non-Hispanic
Cecil,2012-2014,,Asian/ Pacific Islander Non-Hispanic
Charles,2012-2014,,Asian/ Pacific Islander Non-Hispanic
Dorchester,2012-2014,,Asian/ Pacific Islander Non-Hispanic
Frederick,2012-2014,,Asian/ Pacific Islander Non-Hispanic
Garrett,2012-2014,,Asian/ Pacific Islander Non-Hispanic
Harford,2012-2014,,Asian/ Pacific Islander Non-Hispanic
Howard,2012-2014,,Asian/ Pacific Islander Non-Hispanic
Kent,2012-2014,,Asian/ Pacific Islander Non-Hispanic
Montgomery,2012-2014,,Asian/ Pacific Islander Non-Hispanic
Prince George's,2012-2014,,Asian/ Pacific Islander Non-Hispanic
Queen Anne's,2012-2014,,Asian/ Pacific Islander Non-Hispanic
Saint Mary's,2012-2014,,Asian/ Pacific Islander Non-Hispanic
Somerset,2012-2014,,Asian/ Pacific Islander Non-Hispanic
Talbot,2012-2014,,Asian/ Pacific Islander Non-Hispanic
Washington,2012-2014,,Asian/ Pacific Islander Non-Hispanic
Wicomico,2012-2014,,Asian/ Pacific Islander Non-Hispanic
Worcester,2012-2014,,Asian/ Pacific Islander Non-Hispanic
State,2011-2013,80,All races/ ethnicities (aggregated)
Allegany,2011-2013,78,All races/ ethnicities (aggregated)
Anne Arundel,2011-2013,80,All races/ ethnicities (aggregated)
Baltimore City,2011-2013,74,All races/ ethnicities (aggregated)
Baltimore County,2011-2013,79,All races/ ethnicities (aggregated)
Calvert,2011-2013,79,All races/ ethnicities (aggregated)
Caroline,2011-2013,76,All races/ ethnicities (aggregated)
Carroll,2011-2013,80,All races/ ethnicities (aggregated)
Cecil,2011-2013,77,All races/ ethnicities (aggregated)
Charles,2011-2013,79,All races/ ethnicities (aggregated)
Dorchester,2011-2013,78,All races/ ethnicities (aggregated)
Frederick,2011-2013,81,All races/ ethnicities (aggregated)
Garrett,2011-2013,79,All races/ ethnicities (aggregated)
Harford,2011-2013,80,All races/ ethnicities (aggregated)
Howard,2011-2013,83,All races/ ethnicities (aggregated)
Kent,2011-2013,80,All races/ ethnicities (aggregated)
Montgomery,2011-2013,84,All races/ ethnicities (aggregated)
Prince George's,2011-2013,80,All races/ ethnicities (aggregated)
Queen Anne's,2011-2013,79,All races/ ethnicities (aggregated)
Saint Mary's,2011-2013,80,All races/ ethnicities (aggregated)
Somerset,2011-2013,77,All races/ ethnicities (aggregated)
Talbot,2011-2013,81,All races/ ethnicities (aggregated)
Washington,2011-2013,78,All races/ ethnicities (aggregated)
Wicomico,2011-2013,78,All races/ ethnicities (aggregated)
Worcester,2011-2013,80,All races/ ethnicities (aggregated)
State,2011-2013,77,Black (Hispanic & Non-Hispanic)
Allegany,2011-2013,77,Black (Hispanic & Non-Hispanic)
Anne Arundel,2011-2013,78,Black (Hispanic & Non-Hispanic)
Baltimore City,2011-2013,72,Black (Hispanic & Non-Hispanic)
Baltimore County,2011-2013,78,Black (Hispanic & Non-Hispanic)
Calvert,2011-2013,78,Black (Hispanic & Non-Hispanic)
Caroline,2011-2013,76,Black (Hispanic & Non-Hispanic)
Carroll,2011-2013,77,Black (Hispanic & Non-Hispanic)
Cecil,2011-2013,77,Black (Hispanic & Non-Hispanic)
Charles,2011-2013,78,Black (Hispanic & Non-Hispanic)
Dorchester,2011-2013,75,Black (Hispanic & Non-Hispanic)
Frederick,2011-2013,78,Black (Hispanic & Non-Hispanic)
Garrett,2011-2013,,Black (Hispanic & Non-Hispanic)
Harford,2011-2013,78,Black (Hispanic & Non-Hispanic)
Howard,2011-2013,81,Black (Hispanic & Non-Hispanic)
Kent,2011-2013,74,Black (Hispanic & Non-Hispanic)
Montgomery,2011-2013,82,Black (Hispanic & Non-Hispanic)
Prince George's,2011-2013,79,Black (Hispanic & Non-Hispanic)
Queen Anne's,2011-2013,74,Black (Hispanic & Non-Hispanic)
Saint Mary's,2011-2013,78,Black (Hispanic & Non-Hispanic)
Somerset,2011-2013,77,Black (Hispanic & Non-Hispanic)
Talbot,2011-2013,77,Black (Hispanic & Non-Hispanic)
Washington,2011-2013,76,Black (Hispanic & Non-Hispanic)
Wicomico,2011-2013,75,Black (Hispanic & Non-Hispanic)
Worcester,2011-2013,76,Black (Hispanic & Non-Hispanic)
State,2011-2013,80,White (Hispanic & Non-Hispanic)
Allegany,2011-2013,78,White (Hispanic & Non-Hispanic)
Anne Arundel,2011-2013,80,White (Hispanic & Non-Hispanic)
Baltimore City,2011-2013,77,White (Hispanic & Non-Hispanic)
Baltimore County,2011-2013,80,White (Hispanic & Non-Hispanic)
Calvert,2011-2013,80,White (Hispanic & Non-Hispanic)
Caroline,2011-2013,77,White (Hispanic & Non-Hispanic)
Carroll,2011-2013,80,White (Hispanic & Non-Hispanic)
Cecil,2011-2013,77,White (Hispanic & Non-Hispanic)
Charles,2011-2013,79,White (Hispanic & Non-Hispanic)
Dorchester,2011-2013,79,White (Hispanic & Non-Hispanic)
Frederick,2011-2013,81,White (Hispanic & Non-Hispanic)
Garrett,2011-2013,79,White (Hispanic & Non-Hispanic)
Harford,2011-2013,80,White (Hispanic & Non-Hispanic)
Howard,2011-2013,82,White (Hispanic & Non-Hispanic)
Kent,2011-2013,81,White (Hispanic & Non-Hispanic)
Montgomery,2011-2013,84,White (Hispanic & Non-Hispanic)
Prince George's,2011-2013,81,White (Hispanic & Non-Hispanic)
Queen Anne's,2011-2013,80,White (Hispanic & Non-Hispanic)
Saint Mary's,2011-2013,80,White (Hispanic & Non-Hispanic)
Somerset,2011-2013,76,White (Hispanic & Non-Hispanic)
Talbot,2011-2013,82,White (Hispanic & Non-Hispanic)
Washington,2011-2013,78,White (Hispanic & Non-Hispanic)
Wicomico,2011-2013,78,White (Hispanic & Non-Hispanic)
Worcester,2011-2013,80,White (Hispanic & Non-Hispanic)
State,2010-2012,80,All races/ ethnicities (aggregated)
Allegany,2010-2012,78,All races/ ethnicities (aggregated)
Anne Arundel,2010-2012,80,All races/ ethnicities (aggregated)
Baltimore City,2010-2012,74,All races/ ethnicities (aggregated)
Baltimore County,2010-2012,79,All races/ ethnicities (aggregated)
Calvert,2010-2012,79,All races/ ethnicities (aggregated)
Caroline,2010-2012,77,All races/ ethnicities (aggregated)
Carroll,2010-2012,80,All races/ ethnicities (aggregated)
Cecil,2010-2012,77,All races/ ethnicities (aggregated)
Charles,2010-2012,79,All races/ ethnicities (aggregated)
Dorchester,2010-2012,78,All races/ ethnicities (aggregated)
Frederick,2010-2012,81,All races/ ethnicities (aggregated)
Garrett,2010-2012,79,All races/ ethnicities (aggregated)
Harford,2010-2012,79,All races/ ethnicities (aggregated)
Howard,2010-2012,82,All races/ ethnicities (aggregated)
Kent,2010-2012,80,All races/ ethnicities (aggregated)
Montgomery,2010-2012,84,All races/ ethnicities (aggregated)
Prince George's,2010-2012,79,All races/ ethnicities (aggregated)
Queen Anne's,2010-2012,79,All races/ ethnicities (aggregated)
Saint Mary's,2010-2012,80,All races/ ethnicities (aggregated)
Somerset,2010-2012,77,All races/ ethnicities (aggregated)
Talbot,2010-2012,81,All races/ ethnicities (aggregated)
Washington,2010-2012,78,All races/ ethnicities (aggregated)
Wicomico,2010-2012,78,All races/ ethnicities (aggregated)
Worcester,2010-2012,79,All races/ ethnicities (aggregated)
State,2010-2012,77,Black (Hispanic & Non-Hispanic)
Allegany,2010-2012,79,Black (Hispanic & Non-Hispanic)
Anne Arundel,2010-2012,77,Black (Hispanic & Non-Hispanic)
Baltimore City,2010-2012,72,Black (Hispanic & Non-Hispanic)
Baltimore County,2010-2012,78,Black (Hispanic & Non-Hispanic)
Calvert,2010-2012,78,Black (Hispanic & Non-Hispanic)
Caroline,2010-2012,76,Black (Hispanic & Non-Hispanic)
Carroll,2010-2012,78,Black (Hispanic & Non-Hispanic)
Cecil,2010-2012,77,Black (Hispanic & Non-Hispanic)
Charles,2010-2012,78,Black (Hispanic & Non-Hispanic)
Dorchester,2010-2012,75,Black (Hispanic & Non-Hispanic)
Frederick,2010-2012,78,Black (Hispanic & Non-Hispanic)
Garrett,2010-2012,,Black (Hispanic & Non-Hispanic)
Harford,2010-2012,77,Black (Hispanic & Non-Hispanic)
Howard,2010-2012,81,Black (Hispanic & Non-Hispanic)
Kent,2010-2012,76,Black (Hispanic & Non-Hispanic)
Montgomery,2010-2012,82,Black (Hispanic & Non-Hispanic)
Prince George's,2010-2012,78,Black (Hispanic & Non-Hispanic)
Queen Anne's,2010-2012,74,Black (Hispanic & Non-Hispanic)
Saint Mary's,2010-2012,79,Black (Hispanic & Non-Hispanic)
Somerset,2010-2012,77,Black (Hispanic & Non-Hispanic)
Talbot,2010-2012,76,Black (Hispanic & Non-Hispanic)
Washington,2010-2012,78,Black (Hispanic & Non-Hispanic)
Wicomico,2010-2012,75,Black (Hispanic & Non-Hispanic)
Worcester,2010-2012,75,Black (Hispanic & Non-Hispanic)
State,2010-2012,80,White (Hispanic & Non-Hispanic)
Allegany,2010-2012,78,White (Hispanic & Non-Hispanic)
Anne Arundel,2010-2012,80,White (Hispanic & Non-Hispanic)
Baltimore City,2010-2012,77,White (Hispanic & Non-Hispanic)
Baltimore County,2010-2012,80,White (Hispanic & Non-Hispanic)
Calvert,2010-2012,80,White (Hispanic & Non-Hispanic)
Caroline,2010-2012,77,White (Hispanic & Non-Hispanic)
Carroll,2010-2012,80,White (Hispanic & Non-Hispanic)
Cecil,2010-2012,77,White (Hispanic & Non-Hispanic)
Charles,2010-2012,79,White (Hispanic & Non-Hispanic)
Dorchester,2010-2012,79,White (Hispanic & Non-Hispanic)
Frederick,2010-2012,81,White (Hispanic & Non-Hispanic)
Garrett,2010-2012,79,White (Hispanic & Non-Hispanic)
Harford,2010-2012,80,White (Hispanic & Non-Hispanic)
Howard,2010-2012,82,White (Hispanic & Non-Hispanic)
Kent,2010-2012,81,White (Hispanic & Non-Hispanic)
Montgomery,2010-2012,84,White (Hispanic & Non-Hispanic)
Prince George's,2010-2012,80,White (Hispanic & Non-Hispanic)
Queen Anne's,2010-2012,80,White (Hispanic & Non-Hispanic)
Saint Mary's,2010-2012,80,White (Hispanic & Non-Hispanic)
Somerset,2010-2012,77,White (Hispanic & Non-Hispanic)
Talbot,2010-2012,82,White (Hispanic & Non-Hispanic)
Washington,2010-2012,78,White (Hispanic & Non-Hispanic)
Wicomico,2010-2012,79,White (Hispanic & Non-Hispanic)
Worcester,2010-2012,80,White (Hispanic & Non-Hispanic)
State,2009-2011,79,All races/ ethnicities (aggregated)
Allegany,2009-2011,78,All races/ ethnicities (aggregated)
Anne Arundel,2009-2011,80,All races/ ethnicities (aggregated)
Baltimore City,2009-2011,74,All races/ ethnicities (aggregated)
Baltimore County,2009-2011,79,All races/ ethnicities (aggregated)
Calvert,2009-2011,79,All races/ ethnicities (aggregated)
Caroline,2009-2011,77,All races/ ethnicities (aggregated)
Carroll,2009-2011,80,All races/ ethnicities (aggregated)
Cecil,2009-2011,76,All races/ ethnicities (aggregated)
Charles,2009-2011,78,All races/ ethnicities (aggregated)
Dorchester,2009-2011,78,All races/ ethnicities (aggregated)
Frederick,2009-2011,81,All races/ ethnicities (aggregated)
Garrett,2009-2011,78,All races/ ethnicities (aggregated)
Harford,2009-2011,79,All races/ ethnicities (aggregated)
Howard,2009-2011,82,All races/ ethnicities (aggregated)
Kent,2009-2011,80,All races/ ethnicities (aggregated)
Montgomery,2009-2011,84,All races/ ethnicities (aggregated)
Prince George's,2009-2011,79,All races/ ethnicities (aggregated)
Queen Anne's,2009-2011,80,All races/ ethnicities (aggregated)
Saint Mary's,2009-2011,79,All races/ ethnicities (aggregated)
Somerset,2009-2011,76,All races/ ethnicities (aggregated)
Talbot,2009-2011,81,All races/ ethnicities (aggregated)
Washington,2009-2011,78,All races/ ethnicities (aggregated)
Wicomico,2009-2011,78,All races/ ethnicities (aggregated)
Worcester,2009-2011,79,All races/ ethnicities (aggregated)
State,2009-2011,76,Black (Hispanic & Non-Hispanic)
Allegany,2009-2011,81,Black (Hispanic & Non-Hispanic)
Anne Arundel,2009-2011,77,Black (Hispanic & Non-Hispanic)
Baltimore City,2009-2011,72,Black (Hispanic & Non-Hispanic)
Baltimore County,2009-2011,77,Black (Hispanic & Non-Hispanic)
Calvert,2009-2011,78,Black (Hispanic & Non-Hispanic)
Caroline,2009-2011,75,Black (Hispanic & Non-Hispanic)
Carroll,2009-2011,77,Black (Hispanic & Non-Hispanic)
Cecil,2009-2011,76,Black (Hispanic & Non-Hispanic)
Charles,2009-2011,77,Black (Hispanic & Non-Hispanic)
Dorchester,2009-2011,74,Black (Hispanic & Non-Hispanic)
Frederick,2009-2011,78,Black (Hispanic & Non-Hispanic)
Garrett,2009-2011,,Black (Hispanic & Non-Hispanic)
Harford,2009-2011,77,Black (Hispanic & Non-Hispanic)
Howard,2009-2011,81,Black (Hispanic & Non-Hispanic)
Kent,2009-2011,76,Black (Hispanic & Non-Hispanic)
Montgomery,2009-2011,81,Black (Hispanic & Non-Hispanic)
Prince George's,2009-2011,78,Black (Hispanic & Non-Hispanic)
Queen Anne's,2009-2011,75,Black (Hispanic & Non-Hispanic)
Saint Mary's,2009-2011,79,Black (Hispanic & Non-Hispanic)
Somerset,2009-2011,75,Black (Hispanic & Non-Hispanic)
Talbot,2009-2011,77,Black (Hispanic & Non-Hispanic)
Washington,2009-2011,77,Black (Hispanic & Non-Hispanic)
Wicomico,2009-2011,75,Black (Hispanic & Non-Hispanic)
Worcester,2009-2011,75,Black (Hispanic & Non-Hispanic)
State,2009-2011,80,White (Hispanic & Non-Hispanic)
Allegany,2009-2011,77,White (Hispanic & Non-Hispanic)
Anne Arundel,2009-2011,80,White (Hispanic & Non-Hispanic)
Baltimore City,2009-2011,76,White (Hispanic & Non-Hispanic)
Baltimore County,2009-2011,79,White (Hispanic & Non-Hispanic)
Calvert,2009-2011,79,White (Hispanic & Non-Hispanic)
Caroline,2009-2011,77,White (Hispanic & Non-Hispanic)
Carroll,2009-2011,80,White (Hispanic & Non-Hispanic)
Cecil,2009-2011,76,White (Hispanic & Non-Hispanic)
Charles,2009-2011,79,White (Hispanic & Non-Hispanic)
Dorchester,2009-2011,79,White (Hispanic & Non-Hispanic)
Frederick,2009-2011,81,White (Hispanic & Non-Hispanic)
Garrett,2009-2011,78,White (Hispanic & Non-Hispanic)
Harford,2009-2011,80,White (Hispanic & Non-Hispanic)
Howard,2009-2011,81,White (Hispanic & Non-Hispanic)
Kent,2009-2011,80,White (Hispanic & Non-Hispanic)
Montgomery,2009-2011,84,White (Hispanic & Non-Hispanic)
Prince George's,2009-2011,80,White (Hispanic & Non-Hispanic)
Queen Anne's,2009-2011,80,White (Hispanic & Non-Hispanic)
Saint Mary's,2009-2011,79,White (Hispanic & Non-Hispanic)
Somerset,2009-2011,77,White (Hispanic & Non-Hispanic)
Talbot,2009-2011,81,White (Hispanic & Non-Hispanic)
Washington,2009-2011,78,White (Hispanic & Non-Hispanic)
Wicomico,2009-2011,78,White (Hispanic & Non-Hispanic)
Worcester,2009-2011,80,White (Hispanic & Non-Hispanic)
State,2008-2010,79,All races/ ethnicities (aggregated)
Allegany,2008-2010,77,All races/ ethnicities (aggregated)
Anne Arundel,2008-2010,79,All races/ ethnicities (aggregated)
Baltimore City,2008-2010,73,All races/ ethnicities (aggregated)
Baltimore County,2008-2010,78,All races/ ethnicities (aggregated)
Calvert,2008-2010,79,All races/ ethnicities (aggregated)
Caroline,2008-2010,76,All races/ ethnicities (aggregated)
Carroll,2008-2010,80,All races/ ethnicities (aggregated)
Cecil,2008-2010,77,All races/ ethnicities (aggregated)
Charles,2008-2010,78,All races/ ethnicities (aggregated)
Dorchester,2008-2010,77,All races/ ethnicities (aggregated)
Frederick,2008-2010,80,All races/ ethnicities (aggregated)
Garrett,2008-2010,78,All races/ ethnicities (aggregated)
Harford,2008-2010,79,All races/ ethnicities (aggregated)
Howard,2008-2010,82,All races/ ethnicities (aggregated)
Kent,2008-2010,78,All races/ ethnicities (aggregated)
Montgomery,2008-2010,84,All races/ ethnicities (aggregated)
Prince George's,2008-2010,78,All races/ ethnicities (aggregated)
Queen Anne's,2008-2010,80,All races/ ethnicities (aggregated)
Saint Mary's,2008-2010,78,All races/ ethnicities (aggregated)
Somerset,2008-2010,76,All races/ ethnicities (aggregated)
Talbot,2008-2010,80,All races/ ethnicities (aggregated)
Washington,2008-2010,78,All races/ ethnicities (aggregated)
Wicomico,2008-2010,77,All races/ ethnicities (aggregated)
Worcester,2008-2010,78,All races/ ethnicities (aggregated)
State,2008-2010,76,Black (Hispanic & Non-Hispanic)
Allegany,2008-2010,80,Black (Hispanic & Non-Hispanic)
Anne Arundel,2008-2010,77,Black (Hispanic & Non-Hispanic)
Baltimore City,2008-2010,72,Black (Hispanic & Non-Hispanic)
Baltimore County,2008-2010,75,Black (Hispanic & Non-Hispanic)
Calvert,2008-2010,79,Black (Hispanic & Non-Hispanic)
Caroline,2008-2010,76,Black (Hispanic & Non-Hispanic)
Carroll,2008-2010,79,Black (Hispanic & Non-Hispanic)
Cecil,2008-2010,77,Black (Hispanic & Non-Hispanic)
Charles,2008-2010,77,Black (Hispanic & Non-Hispanic)
Dorchester,2008-2010,73,Black (Hispanic & Non-Hispanic)
Frederick,2008-2010,81,Black (Hispanic & Non-Hispanic)
Garrett,2008-2010,79,Black (Hispanic & Non-Hispanic)
Harford,2008-2010,77,Black (Hispanic & Non-Hispanic)
Howard,2008-2010,81,Black (Hispanic & Non-Hispanic)
Kent,2008-2010,76,Black (Hispanic & Non-Hispanic)
Montgomery,2008-2010,81,Black (Hispanic & Non-Hispanic)
Prince George's,2008-2010,76,Black (Hispanic & Non-Hispanic)
Queen Anne's,2008-2010,78,Black (Hispanic & Non-Hispanic)
Saint Mary's,2008-2010,78,Black (Hispanic & Non-Hispanic)
Somerset,2008-2010,75,Black (Hispanic & Non-Hispanic)
Talbot,2008-2010,77,Black (Hispanic & Non-Hispanic)
Washington,2008-2010,81,Black (Hispanic & Non-Hispanic)
Wicomico,2008-2010,75,Black (Hispanic & Non-Hispanic)
Worcester,2008-2010,75,Black (Hispanic & Non-Hispanic)
State,2008-2010,80,White (Hispanic & Non-Hispanic)
Allegany,2008-2010,77,White (Hispanic & Non-Hispanic)
Anne Arundel,2008-2010,79,White (Hispanic & Non-Hispanic)
Baltimore City,2008-2010,77,White (Hispanic & Non-Hispanic)
Baltimore County,2008-2010,79,White (Hispanic & Non-Hispanic)
Calvert,2008-2010,79,White (Hispanic & Non-Hispanic)
Caroline,2008-2010,76,White (Hispanic & Non-Hispanic)
Carroll,2008-2010,79,White (Hispanic & Non-Hispanic)
Cecil,2008-2010,77,White (Hispanic & Non-Hispanic)
Charles,2008-2010,78,White (Hispanic & Non-Hispanic)
Dorchester,2008-2010,79,White (Hispanic & Non-Hispanic)
Frederick,2008-2010,80,White (Hispanic & Non-Hispanic)
Garrett,2008-2010,77,White (Hispanic & Non-Hispanic)
Harford,2008-2010,79,White (Hispanic & Non-Hispanic)
Howard,2008-2010,82,White (Hispanic & Non-Hispanic)
Kent,2008-2010,79,White (Hispanic & Non-Hispanic)
Montgomery,2008-2010,84,White (Hispanic & Non-Hispanic)
Prince George's,2008-2010,80,White (Hispanic & Non-Hispanic)
Queen Anne's,2008-2010,80,White (Hispanic & Non-Hispanic)
Saint Mary's,2008-2010,78,White (Hispanic & Non-Hispanic)
Somerset,2008-2010,77,White (Hispanic & Non-Hispanic)
Talbot,2008-2010,80,White (Hispanic & Non-Hispanic)
Washington,2008-2010,78,White (Hispanic & Non-Hispanic)
Wicomico,2008-2010,77,White (Hispanic & Non-Hispanic)
Worcester,2008-2010,79,White (Hispanic & Non-Hispanic)
